Actual,Predicted
0.477,0.7191228416019015
0.458,1.7640165706624202
5.00001,2.7096588334317175
2.186,2.8389259301839473
2.78,2.604657251810295
1.587,2.011753673249949
1.982,2.645500049376615
1.575,2.1687553212870796
3.4,2.7407464411384908
4.466,3.915614725032455
1.232,0.9389615628097658
2.539,1.9012217664440882
2.151,1.7587117811027255
2.205,2.2501597954690666
2.198,2.540869758213873
1.362,1.9174049020087907
1.784,2.3864829489270605
1.875,2.010930324963951
1.398,2.227409336660955
1.375,1.1185315173418005
4.25,2.9331307915131006
4.056,2.6609362120340876
1.388,1.8776690795225122
5.00001,3.351918252266273
1.621,2.24464196581922
0.514,0.9014366008493582
1.513,1.8449955988427647
0.948,1.6369502962777531
2.041,1.9188916718833653
3.615,3.254264392650988
0.851,1.5716906637246382
1.384,1.1268222788358244
1.375,2.057565865228142
4.65,3.6881241612354287
2.718,2.4135484193871406
2.394,2.5539747154622674
3.409,2.797544386143997
1.504,1.8539045625657593
1.281,1.0815874645091768
1.56,1.8522518000543968
2.581,3.098238257132401
0.905,1.4246318772124908
0.713,1.0443323247164216
2.197,2.0605114696628135
1.51,1.7597450934273482
2.901,1.8962650233721021
1.42,2.01648559943812
2.915,1.8442863810169001
2.554,2.071147979571627
0.981,1.4427760330352442
2.519,2.403725497017277
1.621,1.7266098459317405
1.294,1.8725118117001713
0.894,0.7256364130570248
1.505,1.8786128711213124
1.338,2.0882164715897815
0.804,0.8460960843296874
2.111,2.4622325775205383
2.556,2.4946816806325884
2.145,2.1889535134438844
5.00001,2.539225089244617
2.021,1.8769763366757886
0.815,1.1190117144007132
0.988,1.2997807011953597
2.819,2.9863747197851254
1.846,2.1845794811578827
2.547,1.7890926159450302
1.431,1.9421512802292753
1.625,1.5668682865683792
1.426,1.725606636938302
0.859,0.1946637163620366
1.869,2.693080791720689
0.713,1.2409240286555345
1.744,1.9532269937099684
2.25,2.1936236509612854
1.465,2.0082200466688604
4.05,3.326979434544242
1.896,2.080108428597434
1.644,2.4089944439590383
3.375,1.8382306119046703
0.725,0.7684447087915061
1.438,1.6140949346810842
1.6,1.589963698374632
1.181,1.372638571336772
3.74,3.4496622406454023
2.027,2.4618166014414697
0.966,1.4954308435901495
0.658,0.7913581855527738
1.674,1.6077840082750328
1.798,1.9360420895811004
0.967,1.884167677394828
2.661,2.412443253652988
0.911,1.6261902585257175
0.498,0.7606505487996102
0.907,0.975041018260022
1.158,1.4924054693282827
2.786,2.6825868140803664
2.5,1.6620203205099884
0.85,1.813387156051931
1.77,2.1204431972629436
0.997,1.517769565236982
3.576,4.0960012576314355
4.75,2.6265183079880217
2.736,3.030493304663757
1.824,2.2131312474245135
1.578,1.8593113575320999
1.938,1.6427450555800576
3.336,2.824612248253267
2.646,2.361146391650543
0.584,1.2320335109798037
1.734,1.9289923732177598
2.148,2.519147011678278
2.0,4.946137379254743
4.228,3.6668518292626118
0.936,1.4638287716867708
1.222,2.059267926726754
1.676,2.1157462661850417
3.036,2.3142217193553947
2.693,2.4524461451491675
2.644,2.3075593647469503
1.91,1.7407607793969504
1.538,2.2100245441730877
2.755,2.980787035573563
2.088,1.5888280489837427
1.423,1.6467605899771272
0.635,1.1234679680131592
0.958,0.7616710856200513
2.317,1.937716892785403
2.215,1.9968913303592046
0.895,1.4727312426811494
2.26,2.712105705065035
5.00001,6.801288273985392
2.702,2.8644523205024512
0.596,1.1837814693582303
1.933,2.0314184744811854
1.336,1.2912917551629164
1.619,2.581582069537035
3.575,2.4562543339604375
2.765,2.2667480050483917
4.107,2.702790921745695
3.75,1.6545461096335998
1.352,1.6799270980635086
1.672,1.7917488631281557
2.52,1.8414144115505593
3.084,3.8298202495815943
1.721,1.5987181856195676
5.00001,3.404945536386549
1.938,1.7242316051697273
1.052,0.4660849883487117
0.908,1.1812249138036677
1.688,1.5096587656431666
1.621,1.4599839081560333
1.612,2.260846402164539
1.375,1.649812208069747
2.893,2.506424683699443
2.787,2.796985996833726
1.617,2.2407446373688984
2.31,2.649066295919539
0.875,0.8820853140279041
0.957,1.3508426913940212
2.406,2.824917366676736
2.141,1.9690877675023444
4.286,3.6766676443067965
1.25,1.8415666791187846
0.764,0.34446708066531073
2.638,3.2177459861892572
1.204,2.035308697586636
1.091,1.1309081273244743
1.706,1.8397285813735778
2.574,2.8800496443556085
3.2,2.911996623649877
2.896,2.2086433844433415
3.073,2.73591557016978
3.255,2.9949530515667533
0.584,0.3805509968683225
0.485,-0.5910847565070583
2.167,1.3597694128445639
0.979,1.4071900671098305
1.586,1.457814883996889
0.69,0.9321247706879561
3.223,3.048582430350436
4.677,3.4160187846336854
1.63,1.9753486939424292
2.871,2.718639130160817
0.546,0.5792985590659327
0.904,1.1762920799672116
1.555,1.7833852941907864
1.75,1.7125393740906176
4.112,4.088092333574849
3.321,2.095475026809517
1.412,2.055089849829237
2.471,2.872825259460697
1.53,1.5672814015811127
1.55,2.0653980879373535
3.908,0.867805839676862
0.9,1.0131006100527387
1.967,2.29645044211955
0.682,0.9824983915348042
5.00001,5.096408163745451
0.921,1.7266509555205545
2.979,2.3936593069718484
5.00001,4.4977228142113646
3.323,2.8180309013560603
1.711,2.505267323729896
1.521,2.413946631934188
2.32,2.0668007516266513
1.271,0.4939039525341684
0.875,0.635274929638932
2.034,2.393008041280339
2.286,2.022661407287764
1.167,1.8183910082868096
4.167,5.766562333617131
2.276,3.000337979757866
2.679,3.002910184312853
0.972,1.7264799896647318
1.375,1.7336555585349203
1.988,1.851770955385561
0.686,0.7860424604994947
3.525,2.4516151162623885
1.038,1.6837798154077817
1.078,0.3535817173632765
1.317,1.4996478076666406
2.713,2.7929334150750478
0.973,1.8293403269643704
0.95,1.6894033439983787
0.675,1.233157093787817
3.261,2.6047084110877137
0.656,0.5389765757427725
2.256,2.396347412532421
2.638,2.3990775376746285
3.483,2.7018121558658095
3.25,2.20492431743493
1.088,1.4431439068201257
4.0,2.9291369499012347
1.384,0.7371076675828974
0.61,1.1018613661764292
4.531,3.9351928831697265
5.00001,4.5145762465393275
1.202,1.9858353567171108
3.292,2.7363638652184363
1.963,2.1490374651350166
1.5,1.4334008770178244
1.52,1.9170516285807082
1.699,1.7095714661660466
1.375,1.1981309961115727
2.83,2.463761346151969
4.045,2.8292497243038
1.935,2.483434675260362
2.051,2.663364477828587
1.456,1.555950274393119
2.25,1.0501745190083298
2.159,2.3268576985975074
1.585,1.982801538871115
1.247,1.931181560301944
0.654,0.4570987837714995
2.802,2.6689816234870776
1.805,1.7012303081441473
1.054,1.6082926980163634
1.0,1.1753571317272673
1.663,1.591054670027475
1.58,3.170831081109938
2.438,2.486681891461359
3.629,3.7221839950255244
2.019,2.5096347335243436
0.526,-0.6881221826726289
5.00001,2.873333628843959
1.12,1.6876500782025659
2.25,2.1817830925784563
4.399,3.385570483140846
0.883,1.226971190392085
5.00001,7.01641034770855
2.768,2.18636903270626
1.792,1.9869838642410542
1.997,2.0612541849127837
1.32,1.1445710657181039
0.613,1.4277984141061921
1.719,2.5189183688062187
1.238,1.15415257702508
1.353,1.124874278288459
1.371,2.112995633313652
1.293,1.914679583202762
2.279,2.3541745655385
0.944,1.176890029266481
1.035,1.9492425219493654
3.208,2.1296704734527694
1.25,3.7454535700306124
3.324,3.253019909587458
1.591,1.931543178788381
2.369,3.3035224929778195
4.616,4.097177916950109
1.569,1.9573036386394023
1.482,1.6955332243690933
1.665,1.8902435850209756
1.969,1.515871177943147
1.678,1.9225659238075963
1.267,0.9642895859737308
5.00001,2.3444598401408356
0.579,0.488753096733916
2.38,2.8352336420783644
1.42,2.2778662995592924
0.869,0.668657520829008
0.56,0.7134624036641668
5.00001,3.6993011058084306
1.124,1.768115190024453
0.636,1.4210875165216024
4.313,3.9085432985612414
2.659,1.7230026056467054
0.58,1.14325449983739
1.941,3.154155211930778
1.428,1.961894571215666
1.787,1.7015992010390306
1.875,1.2890928132567296
2.25,2.392649664937558
3.13,2.706846619675602
5.00001,6.523495899921016
1.536,2.0489173954024196
0.623,1.034999424221148
1.945,1.4799773278494328
1.639,2.0639634624273526
3.988,3.5222289604601045
2.041,2.8012945836559098
1.993,2.8367546419723055
1.767,1.622759332970432
5.00001,4.420789237090418
2.489,2.51776289708328
1.5,1.8319608901036872
2.317,2.036808036591509
0.58,0.7491485846344688
1.26,1.1661550783965993
1.633,1.867274928272444
1.134,1.3737157307467882
3.0,2.638989517246671
3.109,3.0197954333339894
2.188,2.1600924565978374
0.704,1.156601410406303
2.377,2.9875977547430566
1.188,1.3250304798634502
0.731,0.43349353928051215
0.75,0.930329064451044
4.507,3.9748881957243825
2.402,2.621861884635294
0.658,0.6921939142901294
0.647,0.25947044522529694
1.751,2.4722841706475833
2.237,2.121594002945791
0.963,1.3569602709176039
4.051,3.248030966691033
3.768,3.093157992624974
5.00001,5.432126733327536
3.5,2.2394115161090653
1.625,1.4167793318306607
1.773,2.0105153458164793
0.984,1.2987466710063273
1.388,0.43620801710292767
1.75,2.530565002073537
2.609,2.2050962633524804
1.047,0.33143258169118184
1.595,2.3208118744295803
2.959,2.819313367055422
1.375,2.2017927242889996
5.00001,3.8089515017736275
2.27,2.5683177140745457
2.639,2.016727647737767
1.604,1.6555843543140725
1.42,1.9459029710374693
1.625,2.2667592387815674
2.304,2.1767784386598663
5.00001,3.863440752072755
2.177,2.6685876886124547
1.83,2.28996297685449
2.458,2.1311427675203234
1.292,1.3653952536187504
0.604,0.5102912369374479
0.675,1.1438256547431038
2.952,2.730460295264166
1.926,2.6535769177100335
1.506,2.14162555300625
1.257,1.8765237875748184
0.634,0.8975523659648204
1.513,1.4001933216487288
2.456,3.045128226510897
5.00001,5.226939569568515
1.655,2.4633926811673845
1.135,1.4219549136732539
3.222,2.2712332755228672
3.625,2.2731188215367197
0.696,0.8974290749621474
1.561,1.9326040512530582
0.875,1.5841368074240378
1.931,2.0361130480573593
2.18,2.280489691586702
1.018,1.6487842128200185
1.291,1.4532186449958502
1.563,1.4838252917468466
1.832,2.325208203317949
1.481,1.813548863552839
5.00001,6.913557001141307
2.221,2.895970854787066
1.676,2.2447409927793416
1.845,1.6815884446853318
3.7,2.53355718077362
2.394,2.4617780410875625
1.667,2.155014620500168
2.333,1.546872216203127
2.4,2.1293901460269
0.913,0.419262115363928
4.835,3.964712284200232
1.505,2.254673549961346
0.995,1.0136398380911231
2.402,1.8416691008718473
0.955,1.9044027472603986
5.00001,4.895849343793252
2.516,2.3321770961647985
1.208,1.0365803436210612
1.357,1.4851791293975722
2.254,2.755017976761664
5.00001,2.3306767097626278
0.851,0.17059786064641713
5.00001,2.838834545164495
1.648,1.9851218078812067
1.116,0.9940685326250716
1.61,1.3918581504502185
2.137,2.3156013673913165
1.165,1.008565645060031
3.5,5.277552315280893
1.599,2.4972522275633082
4.383,1.980888702575669
1.711,2.4345031465775264
2.711,2.243638005201028
5.00001,1.9108669679259407
0.68,1.4020604760395443
1.917,1.84241888004577
2.559,2.786579607503164
1.125,1.6878748601451932
1.822,1.8864846515976126
3.476,2.848559487760973
3.32,2.941048892409654
1.109,1.1848601644564454
2.119,2.079591586604465
2.625,2.4150186401510467
2.379,2.3828068233132456
0.9,1.8563442356783781
4.272,2.6931749323544025
3.705,2.9661606868217163
1.163,0.7692658689666203
1.708,1.6863272519726422
2.855,3.2872556820401186
1.115,1.6455467558705905
0.832,1.5725398612065646
2.482,2.6474961877658814
3.955,2.8634417581792633
2.183,1.8710768869363292
5.00001,3.8942619667269582
0.889,0.7514515063068075
1.81,1.9980623452473623
2.809,3.20789722563552
3.453,1.982903863316949
1.81,2.365280274893955
1.922,2.6581166764379986
0.781,0.1187957746024324
0.75,0.8564740449852764
4.333,3.812334034874759
1.601,2.015719397153603
1.092,1.0634753475970768
0.962,1.3988257866691924
1.914,1.4684032929933721
3.6,0.9491284335341348
1.856,2.5240831055963753
1.188,0.8013933865457616
1.227,1.4056018117977018
2.063,2.0634259149160386
1.956,1.8443661330820262
0.756,1.7020388534416426
1.043,0.9729274156608199
3.859,2.363458458617707
1.139,1.7844521829653317
0.794,1.5867546380650452
0.813,0.8880393292106916
1.292,1.9487904539946683
0.735,0.9159443075558897
1.759,2.3172418915340174
1.424,2.048905316504829
2.341,1.9255907463039819
2.867,2.4295106199271785
0.925,1.4679946569774813
1.701,1.9639336793252298
1.618,2.2355624080078016
2.253,2.6442809201635953
1.706,1.765799425913471
3.194,2.0768942190124022
0.958,1.5385758976710235
0.734,0.9259081486902332
0.936,0.7394743429529953
0.517,0.7328992229186682
3.587,2.25113112730763
0.647,0.7480358978533346
3.442,2.8810192348839436
3.14,3.0073414418579247
1.857,1.9793402956314736
2.793,2.5642898029157024
1.194,2.2113174843018655
2.804,3.024962971039791
1.871,2.1413465022856215
0.838,0.8034699774977128
3.093,2.1275671612150404
2.292,2.8670732303523394
2.45,2.1543100377533833
2.276,3.0324012352961702
5.00001,2.852087325373134
3.208,2.4670524685055994
1.473,1.2556804358745595
1.623,2.4123347705713343
2.659,3.0456590697423067
5.00001,3.756642591369122
1.891,2.225758321453803
3.164,3.2047098738368973
1.819,1.7497183341711349
2.615,2.0465211908726033
0.69,0.7150780470897047
1.813,2.06425204174991
2.93,2.7395870047959576
1.111,1.7245674114059142
2.183,2.723828504464663
1.472,1.6446283279475793
2.438,1.8341906809596082
2.23,2.1402932110545905
1.375,1.6052281274562006
0.606,0.25305336846253823
2.75,0.04997083469648089
3.5,2.0369817881478554
1.712,1.697089307992151
0.835,2.0114710469067987
2.25,2.2763833459078384
1.656,1.9651428420941386
1.52,2.1255678863165315
1.92,2.0813226117205375
2.542,2.912603233222221
1.5,1.0489623689099332
2.125,2.330159546968794
0.804,0.20271659405128162
2.065,2.964467247226885
3.311,3.3791852085947625
2.014,2.937330303589789
1.884,1.7441435332362332
1.954,2.3117916227907287
4.425,4.047299882408616
1.527,2.8998321977232493
5.00001,5.22890104589856
2.398,2.767295536415034
1.594,1.3024016704720438
0.918,0.9936816675083691
2.409,2.7347230939873555
1.364,1.6902704197801839
1.036,1.4912253061714225
1.325,1.6189176764672482
2.929,2.4341602269415574
0.628,1.270944135215096
1.121,1.9546695666566194
0.891,1.5727209046979809
1.207,0.9926616519204501
4.714,2.6038038029615933
3.147,2.68269403016248
2.264,2.4584372576288303
4.097,2.431968777139943
1.49,1.3695953098659857
1.717,2.91691541970377
2.355,3.0540354559960434
3.228,2.6464890481860763
2.445,2.8795685682129246
1.622,1.5455367243707485
3.409,3.20956406212418
0.574,1.0318174754384941
1.989,2.0448610820861575
1.097,2.0610831567857915
1.375,1.3850248099109095
0.857,1.1612295489729405
0.983,0.8010129101195744
1.782,2.1134406499858045
1.375,1.5019279458191548
2.75,2.6050939897877896
3.815,3.192560614428494
5.00001,4.047534319769959
5.00001,4.796042433861139
1.792,0.7067408873617254
2.045,2.434414405925324
3.941,3.3685902137079964
1.844,1.9638422857805224
1.74,1.8977118480512942
0.807,1.2644365036047702
1.896,2.3370584373105032
0.6,1.1853351645342443
1.266,1.7326782961878067
2.625,2.0776361910320205
1.392,1.9864504922208468
0.513,0.53181147918081
2.292,2.9714869341617387
1.011,1.7740592540086766
0.977,1.3000255750750043
1.583,1.4400417530191376
3.491,3.555144341400144
0.855,1.4220055669490463
2.141,2.7436270428425686
2.271,2.5558432563227456
1.557,1.5374929011922092
0.668,0.9763269322854526
2.073,2.6316276528628393
2.228,1.8944763200446673
3.545,2.2680703814055576
3.405,2.310682803328035
0.529,0.8769484527074951
1.406,2.133713048835581
1.508,1.5644609871743214
0.561,-1.0137928122566748
2.596,2.8095959494481946
3.189,2.5131327506639565
1.484,2.5371493946318964
2.899,2.3209018778479162
1.618,2.5047221482896376
2.55,1.8270432540401558
0.875,1.2649589164687498
2.45,2.797531410441991
3.05,2.074223971236904
2.15,2.193636048688276
2.49,2.2712167163968573
5.00001,6.8386054420859
3.2,1.9984666437098184
1.74,2.450970591231062
2.925,2.8486208273127076
5.00001,4.0439009000126305
2.899,3.0281174737581793
4.384,3.074640834981949
1.82,2.256727003831223
1.705,0.7767446904580595
0.692,1.1700844867861875
0.956,1.4984917239287512
2.728,3.138051159008313
0.813,2.139321603202191
2.724,2.6532659804316765
1.526,2.175233736289101
0.559,1.2270630013808344
2.135,2.4172749414781123
3.313,1.5025888078380234
2.018,2.3390391292006427
0.571,1.247671186046766
3.318,2.544896143795185
3.659,2.3124605006458125
1.275,1.3155556959267045
1.118,1.0742751912534487
3.537,2.8098799747592267
2.293,2.4785020418265304
0.875,1.1735012546545036
2.375,1.7138094838284772
1.133,0.5163306948262019
1.125,1.0099563499071778
1.385,1.0729006151923954
3.074,2.1351436840605587
1.009,1.7620648105866792
0.978,1.0808336279028339
1.767,1.958147675705895
2.18,2.1803868788556358
2.906,2.2146968964073253
1.577,2.2166238338997886
3.48,3.317166315267542
0.672,1.288217952055028
2.604,1.9886905106419235
1.236,1.22424871841541
0.675,0.752196201342187
1.307,1.3293533030863003
0.66,0.5097090050919277
1.666,2.47604243404043
2.256,2.1130762915102395
2.571,1.974932189280942
5.00001,5.346940194962684
1.139,1.868437565902596
0.91,1.6007131353345727
2.174,1.9070853664500262
0.96,1.003092499820319
1.292,0.7925765481422502
3.502,3.229437333771507
4.421,4.965818788044352
2.229,1.5169195206340973
0.813,1.0483254154331618
1.606,1.8761440452057698
5.00001,3.2159841798600723
3.412,3.242950047509588
2.879,3.118569547449958
3.447,3.5023160465008303
1.8,2.435791786364831
1.678,2.362358643453341
0.55,0.9246761920117095
0.508,1.0695591982920476
1.426,2.1225290008692426
2.358,2.34964062730414
1.127,1.917860608464352
2.102,2.4505506632944076
2.107,1.7698752069396733
0.654,0.8884606740196261
1.625,1.8314146894598835
1.503,1.4667741521165567
5.00001,2.7671791637636076
1.014,1.985814036077528
2.218,2.1793431333459807
2.603,2.4333440550907923
1.788,1.64276627410878
1.704,1.7687835527409135
3.194,3.288396872285574
1.906,2.5365107526707646
1.841,1.7966777961546612
1.911,1.9576096168765034
1.496,2.689873253512836
5.00001,3.0870527751222596
1.834,2.1726849353951536
4.441,3.5803082124348293
2.427,2.386463759148235
0.762,1.1686399355102566
1.329,2.2506705686998245
4.098,2.1919566406759614
1.125,1.0215543086819565
3.766,3.145257083515176
0.505,1.3522896744695174
5.00001,3.2871438326419735
2.095,2.305628463464366
0.778,0.31992695413403993
2.997,2.9587778633473363
3.75,2.4407890824194
1.565,1.6339171010545641
2.4,2.4147544044468816
0.772,0.5758789235969601
0.985,1.1899225689529942
5.00001,2.4452097830799957
1.104,2.0544717851913035
0.864,1.7802845285968374
2.304,1.8485378127616627
1.639,1.9819570671468227
5.00001,3.9936124718172934
0.495,0.18884811483798813
1.074,1.8713380686521575
3.625,2.3453757596783475
1.45,1.7787794717329888
2.185,2.2974253328128995
1.301,1.8600506397378496
1.46,2.0613459436768764
1.525,0.9662444454921584
4.572,3.5970317488882273
1.652,2.197939173017083
3.947,2.031952619596815
1.444,2.050277326018737
1.366,1.3231197970088644
2.164,2.7111484041070426
1.39,1.4184435690879837
1.038,0.714246198417456
4.885,3.2215321812904847
2.271,2.153290306937201
2.38,1.907136184211737
2.156,3.084939938409782
2.923,3.2889239255458946
1.459,1.9312915234186647
1.873,1.472748073227308
1.854,1.0685032841011761
2.8,1.6539857855906348
1.411,1.8663523052109028
1.909,1.9837656891843167
2.625,1.9769413461678695
4.42,3.0043084022943276
2.748,3.097790477088445
0.855,1.022231818950388
2.318,2.8892689825457865
3.02,2.9935542858105464
2.358,2.947408749357649
0.722,0.9673967833761665
1.824,2.18702637673605
5.00001,3.26349264124687
0.787,0.6411546945437152
1.813,1.5542559192855094
1.98,2.2147600932259905
1.996,2.085953985035367
0.633,0.9957721374110307
0.94,1.21802271451147
1.868,2.3303484580923026
1.17,2.0611999914340515
1.178,1.7647672208110379
1.21,1.6111320720692675
2.309,2.4105992140141836
4.273,2.6802540122847134
1.281,1.3776300597076059
3.847,2.0964399687143853
2.904,2.7111998049511357
0.913,1.0973628156577746
0.619,0.881158260471004
2.322,2.5185464373390403
1.296,1.187397289451205
1.275,1.2333145901602833
1.505,2.094937865743077
1.875,1.6403011043279392
4.379,4.329282901122461
1.265,2.115837101080402
4.534,4.105994925623669
2.294,2.5412129853792607
3.649,2.818325433846802
1.919,1.977288250103797
0.875,0.9355809570815197
0.3,1.8034139719444795
3.357,2.6452513819110166
2.421,2.028435774477188
1.737,2.3058537271802635
0.541,0.5034431158228827
2.078,2.519386534307266
1.125,0.42044542426779685
1.667,2.1026537550169166
2.718,2.8405383618385542
1.411,2.348882624460188
3.75,1.3271783346426034
1.616,1.5940607686263135
1.594,2.2704342568997404
0.863,1.3493536667338404
2.563,2.8678124851044657
2.132,1.832341203601267
2.541,2.18015676570176
1.326,1.862984387300898
1.693,1.143003833858458
3.477,2.705408394109085
1.597,1.9213670101362084
0.909,1.8533553837339198
2.905,2.397456697221621
1.899,2.1116159843560425
4.956,4.001265684054154
3.333,3.5042376804615074
1.838,2.0474386239885902
1.89,1.7362530651669843
1.575,1.0799116172504455
0.666,1.1603541016402872
1.324,1.7631099873334435
1.56,1.9451994535079606
3.481,2.170852705623652
2.264,2.8884077427760673
0.742,0.3032225280480674
1.583,1.6393413926673759
5.00001,4.833320914356705
1.655,1.8080960747330366
3.295,2.3092548802533557
1.396,1.9325573146162682
1.529,2.0511707654370426
3.673,2.658026610636739
0.7,0.7413253230094696
0.974,1.849008986765547
0.659,0.9668117000299503
0.493,0.8591299598081363
1.541,1.86088719555093
2.728,1.9490449258544942
2.471,2.7749831361492525
2.688,1.5729859776957298
2.476,2.0405741063066003
4.168,3.3110018321488397
1.216,1.3865772052002114
1.717,2.114719264052688
1.738,2.1642855325181074
2.356,2.5567935991073227
2.601,2.357042109329157
2.0,1.8649656974595032
2.966,2.636295858946987
3.746,2.156594139054583
1.778,2.5987176767881977
2.695,2.5372105378095213
0.62,1.2931244139028166
1.976,2.051901689093512
0.527,1.1914230767011134
1.914,2.3611214883988225
3.177,2.8381548781397825
3.294,2.3364188986431103
3.307,3.165048097674031
1.874,2.599376849511671
2.865,2.118415255594172
5.00001,1.319954309625345
1.339,2.090547725602967
1.998,2.5595017839755343
0.45,-0.15023192339565838
3.546,3.4614367884282373
2.638,2.7318187027932765
2.784,1.9649505558115195
1.604,1.7097304414323915
2.413,2.76634647583748
2.083,1.9295231106318766
2.636,2.873150597335382
1.45,2.0834679137172216
1.325,2.0453446945680085
1.838,1.8140287413070695
0.811,1.229601874474973
1.765,1.9442329153290956
2.555,2.0185289843092846
1.661,2.172585965307235
1.02,1.6020373670856145
0.861,1.494102318973404
1.006,0.5319283747468333
5.0,2.467374171578385
2.099,3.0001482221409788
0.525,1.0320231863121805
2.629,1.9893130057552781
1.588,1.9545887976182286
2.095,1.5349714831191648
3.5,1.628478322998717
2.171,2.6333197136284454
1.414,1.3023746325536365
0.934,0.8656509676454434
1.982,1.7506463667288514
1.872,1.7398748254222696
1.853,1.8185301065066994
5.00001,6.6597654192731
2.813,3.0618534916507585
1.036,1.79158524283946
2.879,3.0119285301479195
2.083,1.7613408789124847
1.75,2.9505786913845498
1.327,1.823896497215955
1.72,1.6015185321613146
5.00001,4.740622478993892
0.64,0.5165828466139217
2.279,2.1770647586595047
0.631,0.9522777048186626
0.841,1.5230465485176055
3.392,2.819936234722178
1.563,1.248562141102859
3.836,2.6571135293213928
1.371,1.8189304886259592
0.568,1.1535953432375479
0.7,1.3453377023463915
0.963,1.0404065955849262
0.926,1.6845167804837686
3.591,3.101034814155078
1.587,2.2281084544215233
5.00001,2.9840018943675872
1.146,2.23362997709539
4.102,3.355487816981295
2.819,1.8612048990531278
1.017,0.619922313043709
1.693,2.0725902865303283
2.078,1.9967589543290387
3.272,2.5186927371086796
2.779,2.43924087252023
1.114,1.0815059154968054
0.806,1.6427325299052242
2.075,2.6131954777389836
2.753,2.528469941725966
4.21,3.0844007686019026
1.288,1.2967196127000875
3.139,2.546879261529753
0.676,1.610695792659591
0.644,1.1766615037002097
1.539,1.8172846850189117
1.307,0.9417809819385496
2.385,1.9605730051707795
3.796,3.3560166811621315
1.465,1.6746015439813249
1.503,2.2474099572233754
0.803,1.5365737537484065
2.933,0.6455219763191664
2.88,2.7022568414822246
1.441,2.2362415362336847
1.27,1.5189027130973116
1.521,2.105696583774346
1.568,0.8034408023478434
1.049,0.9720232125824992
5.00001,5.430904650317203
1.344,2.097997780850463
5.00001,5.737346451557308
2.728,3.0029311321837326
1.516,0.8536016150471042
3.626,2.2947693492952936
1.692,2.2305357569682442
1.404,1.9847219522764803
0.437,0.9023390877473503
1.36,2.5637675911181574
2.644,2.692171368968239
1.522,2.1333175928266144
1.375,1.6566679342554238
2.147,1.4521149422810709
1.709,2.25943691015668
2.362,2.2999199709171307
2.978,2.4736974806604906
0.885,0.9551479670350247
1.276,1.646220898478937
0.802,0.9960810671481184
3.06,2.5041517141322984
4.364,2.051414969598362
2.389,2.420287711981871
2.317,3.14727340777511
1.229,1.6662110359116724
2.182,2.476940611476806
3.97,4.909029640578588
2.603,1.6472597114034002
4.357,3.1804910959940855
1.64,2.3941534690719664
4.405,3.0233527293253317
0.854,1.1375700265569932
1.019,0.9682529544450986
1.594,2.1298164018310004
1.903,2.606780925136789
1.0,1.3819308296896509
1.396,1.5307999254853328
5.00001,4.87031168687782
1.545,2.703422047955492
1.705,2.0999113607324844
1.106,1.3910297381406806
1.912,2.6016197025467136
2.872,3.4590441337960414
1.501,1.9874345491374825
2.383,2.3000106593617105
1.542,0.9523389148009116
2.805,2.4166837618366728
1.619,2.5757405365181114
2.656,2.7689484636049926
1.227,2.3718121743884453
2.312,2.726731660763626
3.191,2.56787241054635
2.313,2.2885020186589244
5.00001,4.582956406334709
1.212,1.2581037570467473
2.225,2.31113157982157
4.5,3.109237248453141
1.021,1.4167234062752456
2.012,2.281943917319488
1.042,0.8722236195376851
5.00001,5.433507298637267
1.32,1.9216989627714725
2.211,2.515286738724285
1.516,1.9516044080028507
1.469,1.5473979881303777
1.512,2.1258707076912273
1.651,2.248259199276781
2.136,2.674414498363369
2.135,2.0072198795168177
5.00001,3.4187564859365764
4.38,3.435930660214659
1.838,2.4375559910522284
3.5,2.6118678118601153
1.593,1.0104687195683297
1.291,1.6750457261150515
0.766,1.1095768785238391
2.25,1.9526066857170363
2.308,1.7035967787414066
4.318,3.8349014317427432
1.91,3.0105043534655493
0.847,1.2627976073522333
1.525,1.257761480439207
0.676,0.5680820224031677
1.982,2.0808383436757723
3.063,2.041835368555944
1.221,2.0610446460799636
2.761,2.125468779964109
1.03,0.9915590916844081
4.091,3.0186955546186596
1.352,1.8345794998226452
1.216,1.1174503050559892
1.828,1.72432972424496
2.28,1.792000444685634
1.1,1.1010237573496156
1.112,0.8239987381149234
0.847,1.2039980989159105
4.473,3.8802400862703976
0.883,0.7968769942910754
0.871,1.3800001627275904
1.875,2.203347911463169
1.469,1.7319146199780775
1.031,1.2950656130928166
3.437,3.669489192169067
0.982,2.177835429000247
2.625,1.832362723828311
0.774,0.41931177495941085
1.351,2.1561637302351713
1.347,1.1198336196262986
2.313,1.6309430925939097
1.586,1.6670903723139148
1.016,0.908530601205058
1.22,1.7566191881194797
3.8,3.4603520053325383
1.894,1.7409038845223535
4.4,3.3149253879198284
0.7,1.305015294486914
0.7,1.198645536936077
3.335,2.700925583517119
1.018,1.4919082568703317
5.00001,6.925866970689611
3.605,2.816555669648082
1.695,1.710188373195173
2.056,1.6391940666811138
1.663,1.8732287912742223
0.325,0.8050781775831908
3.627,3.1492645918799056
1.745,1.636244026180222
1.976,1.964327448990808
1.83,2.3810116161132555
1.583,1.5695503341321029
1.002,1.8398533042536158
0.875,0.9385643903427408
4.611,2.181510346029988
1.902,2.8839942973711743
2.323,1.851652797350539
2.216,2.738170123750983
2.269,2.264515744488328
2.242,2.3414558621978756
1.198,1.7494147099278052
0.782,1.145385678749932
1.651,1.5559268445366854
2.139,3.4818955016119943
0.697,0.6629427836741684
1.058,1.6085582371021587
0.75,1.2168680381833639
0.917,1.3685654156976739
2.695,2.793863167086279
0.682,0.9714205055864298
1.658,1.7797804016334737
1.546,1.6785501076192304
4.727,3.2755634329614836
3.459,3.673527266758967
2.307,2.8914993200182977
3.0,1.6420068719337948
2.494,2.275120159240686
4.357,2.6292647486486587
2.258,2.2526256347331426
1.75,1.2176696405929945
1.784,1.3016583609546544
2.76,2.4579869450914416
1.159,0.7234104672188764
2.143,1.3025467901882521
1.183,0.6578076066077116
5.00001,2.101225574404694
1.521,2.1161923537272074
1.404,2.2315553923222424
2.226,2.005896098266959
4.445,3.109299707827951
5.0,3.4268870349199076
1.633,1.5525673882069668
1.938,2.5983720018501018
0.905,1.4086768952853177
1.152,1.7517271404043981
1.47,1.6786265015731345
2.739,2.822258995954705
1.909,2.1651085878748617
0.748,0.919559362577381
5.00001,1.6428702306306562
1.185,1.4598505272825832
5.00001,1.1152274466764638
0.55,2.1195309010856818
0.584,1.263458741070849
0.958,1.2128101395087825
0.992,1.6156717648916015
1.674,3.013356148694143
0.705,1.066216706719139
0.675,0.9911685659169294
0.757,1.224891779224187
1.83,2.037987128682616
5.00001,4.803171264550095
0.973,1.3709541858978582
2.3,2.5932449753321976
0.829,1.5577086201887056
0.522,1.2012824583351644
1.148,1.9695447945973754
0.88,1.6452520845472378
2.242,2.255100353600291
1.5,1.732845468189332
3.417,2.9503172544744416
1.817,1.9201983494618915
1.406,1.7238356500527345
0.727,0.5076543948881209
2.109,1.8873431240733893
0.977,0.544558307926728
1.097,0.8503348004316322
1.656,1.8884774740720829
2.306,1.8633205369255492
1.638,1.9387419386157134
0.958,0.34847163029594697
0.481,0.34204105562832865
0.444,0.8054535274508225
2.379,2.9342910100999546
2.848,3.4310147881571
1.648,1.5082938128130365
2.0,1.6264919515806682
0.778,0.9700413799423018
1.86,1.9046498640256289
1.697,1.887374018884536
4.188,2.287269823349284
0.733,0.9357671929684486
0.87,1.735321196614514
1.682,2.37750107170568
1.543,1.9270459403181448
2.25,4.013246765300842
3.33,2.8724325117654814
2.259,2.1979396516469265
1.381,1.6395830789761163
1.127,1.3398990968022702
2.316,2.2553810671670504
4.191,2.309019487687614
2.211,1.8670642995582512
1.554,1.608839483712707
1.517,1.1433817456707445
2.489,3.2641708882023366
1.532,0.8299887254225595
1.265,1.5096051922831535
2.4,2.3658191609828876
1.861,2.0625423483602106
5.00001,4.073928489657831
1.816,1.5665367952094087
1.781,2.326810710713289
0.692,0.7928939425134374
0.668,0.7854256871220713
5.00001,4.278286490973379
1.813,2.3634253523710598
3.964,3.5961624664983702
1.875,2.511468960156833
2.979,3.1668381944116177
3.454,2.620965240526786
2.451,2.527813445953619
1.055,1.5824597199934658
1.011,0.7891422337756637
1.417,1.7622182536937672
4.309,3.1127075340663026
2.863,2.1692062716146765
1.13,1.3620149082787307
4.667,3.7623929760226673
1.686,1.8794715877662966
3.605,2.620186938909505
2.564,2.4639206502247646
1.139,1.9717040000154356
3.504,3.212799531379133
2.091,2.3724552048265366
1.315,1.7132590031082842
2.167,2.8452110080851796
1.013,0.9147105914164868
2.028,2.2754814544088973
1.176,1.9477536705730643
2.926,2.5498552172268703
5.00001,6.077204848784746
1.303,1.3368044165801933
0.924,0.7349890806786874
1.125,1.4435603761002653
1.542,1.0673094487657124
1.04,1.1200185570781969
1.216,1.8264394925537601
2.063,1.9858561041827087
1.083,1.6128630967632418
3.494,3.245919966064008
0.833,-0.05302600075296482
2.458,2.8678409408340073
0.915,1.6526535767488397
5.00001,4.69241511834305
5.00001,2.122872116269093
1.905,1.7567051674922283
1.083,1.3801066123903212
0.896,1.0335827191494076
5.00001,5.08538514547422
0.946,1.771655632793518
0.675,4.236214666883583
1.775,2.617545214270919
2.613,2.6515044080081793
5.00001,1.9917824003037694
1.684,2.5194413323040408
2.453,2.6906606921928145
2.4,3.0901779064611716
1.565,1.3292021611485723
5.00001,2.2820163565343776
2.356,2.5590583857963907
1.856,2.4494003755555056
3.167,1.6980173290224414
1.188,0.3311769915611791
2.485,2.428939431950404
2.365,2.451385839247493
0.946,1.1281923276461185
1.768,1.8770608478633832
1.486,1.8221410395033573
1.953,2.4318112837897488
2.159,2.655453744432755
1.266,2.308836442831428
1.739,1.7232034702375714
1.83,1.7870391726984707
0.743,1.0373774342626305
2.247,2.205758522624869
1.016,1.4877466848176653
3.91,3.049270984620769
2.65,2.1896302781273604
5.00001,4.30605867019252
1.865,2.6235969799448284
0.78,0.6334427941352132
0.808,1.1377145159682343
1.896,2.387699499402416
1.992,2.2685121614730903
1.896,2.4889024737081584
1.6,1.9824867234045769
3.753,3.898519435021228
1.667,1.7492063985515927
2.156,2.284265828899322
2.286,2.463626534851791
1.713,2.050057561109888
4.31,3.513548288825895
2.751,2.759431095543704
2.768,3.519298633810351
0.463,0.8585104156470109
1.44,1.5507752239552701
0.943,0.6452745778039741
1.576,1.3385601570628936
1.945,2.273493595288329
3.511,2.098159324239141
4.534,2.0384763939981028
2.246,1.8038677038563122
1.556,1.8830439513447885
2.42,4.113904644025332
0.7,1.576793531257131
0.713,1.2535219622749239
0.668,1.0016145269756649
1.531,2.517271075145736
1.375,1.7640215786937148
2.304,2.6523038922938014
2.422,2.884069702975502
3.019,2.543331917012239
4.158,3.175528195379229
1.565,2.1255868339202095
0.786,0.34343115717784656
4.414,3.6741337669246903
1.843,1.9812183719895486
2.765,3.2197711644987805
2.328,1.9486033235017857
0.604,0.8156236876825673
2.241,2.175938720086066
4.39,2.973724848567805
1.231,0.7301586325055851
2.557,2.9661382337082216
0.576,0.6661412432289779
1.998,2.490962479074973
0.513,0.9553015423616813
3.482,3.4488501299110936
3.628,3.2137956458533594
2.403,2.391782191622873
0.736,1.1695411116131353
1.726,1.7834738375229833
2.29,2.294597652136815
1.663,2.019984363027845
0.833,1.0611266818425875
5.00001,3.9579028190213563
3.329,3.135147310726765
0.543,1.240041756971607
2.417,2.424028465127229
3.875,3.0711213284364476
1.364,1.7207050785642082
0.983,2.1161946363860764
1.76,1.878813755567684
0.63,0.8365684176911614
2.369,1.9093724393597284
0.972,1.8692038417494032
2.2,1.3557932718225985
1.058,1.6278649123498
2.709,2.929787694549205
0.994,1.5032274475443117
1.663,1.552039283281296
1.438,1.7144942356511663
1.406,1.9554394384576668
3.309,3.0714259481094857
1.569,2.1298267205442656
5.00001,3.4442004960413897
1.625,0.8504890029903578
1.248,0.7516591386681597
2.161,1.558260469448065
1.714,1.8445431295561363
3.256,2.7205778831506464
1.098,1.0308255604087506
2.762,2.550546993821321
1.299,1.6287909408313652
2.923,2.4062751677714616
3.415,3.185675657561248
0.668,0.41491999265466006
2.388,2.241646178508354
0.774,0.6768422505098641
0.824,0.2668348421827744
3.599,2.962063005395187
4.657,3.402699443635832
2.14,2.3108523903165334
1.071,1.4253075703083766
1.578,2.2828133977096456
1.193,1.881896108163403
2.329,2.3599941056626577
1.795,2.4367249504473634
0.701,0.463589790664237
0.55,0.6225812487129048
0.659,0.8275441391072249
0.996,1.145166802749614
5.00001,4.730248435881087
1.641,2.492699653474368
0.77,0.6836402966627659
1.403,1.0054908986926705
1.729,1.4112175991162204
5.00001,2.0685796304928274
3.143,1.9745779168579887
5.00001,2.6288191370358263
5.00001,5.895145758362695
1.43,1.716168764251961
2.806,2.3865032445417356
3.75,2.079624834078672
1.375,1.5887169329102022
3.371,3.2232832685517536
1.28,1.3695801561734413
1.854,1.9511143475641504
0.63,0.6244273466569652
1.095,2.341257369232885
4.0,1.2077841622699523
1.519,2.596130676861563
0.563,0.6266504514627158
1.025,0.4824295072592406
2.25,2.131923471584429
1.455,1.9952468118903042
3.631,2.303368237412748
2.49,1.810287072862387
4.153,3.311841977824585
2.674,2.487587318738491
0.75,1.1217655342486381
2.5,2.177743650799279
1.618,1.4469080686017435
0.975,0.6955215583991787
1.115,1.862014503086904
0.873,0.8834100968849228
2.729,1.8920872965476647
1.244,0.9797168405519514
2.287,2.895161166239042
2.295,2.6939453415720607
1.625,1.9006333137213787
0.8,2.112208029071631
1.188,1.6913148730371077
2.442,3.2814391971229213
1.875,2.1769651896213205
2.46,2.324861677211125
1.026,1.3452783906772225
1.167,0.7200360421677914
1.375,1.1713021591460446
1.719,2.8283983914937494
1.031,1.359536425390644
2.391,2.4643643248447447
1.94,2.465923789300959
2.199,2.1588121521134767
3.8,3.7870670781973104
1.557,1.7215595554221963
0.899,0.3772012872447519
0.893,1.8111462671814493
0.55,0.6456735476093698
0.498,0.9728108611643052
1.464,1.6961298196574788
2.78,3.148978318559571
2.887,3.318175472351335
1.292,2.194042243570948
2.216,2.569357170661668
0.856,2.8202403874715287
1.604,1.942279488978727
0.576,0.5966764241592557
3.485,2.5494796378551783
1.994,2.7298650618066986
0.971,1.603543250589695
0.581,1.1337721508211729
3.01,2.6526845023327184
0.742,1.4149343210036491
2.494,1.9234382831098387
2.67,2.731965734354212
1.199,1.1891977689066664
0.777,0.38433186818906506
1.434,1.453825589365458
0.612,0.5795311490468933
2.068,2.4121179656615155
3.282,3.014292256957688
3.606,2.677780945654291
1.078,1.691575197626122
0.515,0.46596263507705515
0.675,1.1116191799856523
1.841,1.7156618934128005
2.0,1.756064260696789
3.54,1.6144711485109724
3.938,2.003084949546917
1.321,2.1194321377312377
3.065,2.8442901912601073
1.349,1.6127299100147852
3.193,3.0947160160358678
3.039,2.6412898752805702
3.5,1.5741491345228482
2.312,2.445351660398785
1.313,2.3546291642936836
1.208,1.876400130667129
1.352,1.103521235727861
0.689,1.3768148360124073
4.25,2.665978917563635
1.605,1.7441132011097693
1.51,2.0860365136656043
3.495,3.913816067017464
0.602,1.0059833403458072
3.964,2.9365346311369365
2.785,2.3712453398246396
2.393,1.077273256006464
2.249,2.199141190020427
0.913,1.4050342749991174
1.114,1.4854009170914892
1.508,1.749104658582155
0.647,0.6272095387811092
3.588,2.9211152432455734
2.328,2.482704368935863
0.544,-0.13469451197738636
0.982,0.875599448949103
2.258,2.1296403625931077
1.161,1.939527936622369
1.964,1.9320741609358834
1.232,0.7186887858365836
1.564,2.519550786679112
1.668,2.120197132062181
2.159,2.131298297822916
1.173,1.6004574752187892
2.432,1.5808879534196336
0.729,1.2988315826528734
1.917,2.3627190374043607
0.6,1.5504514442155468
1.954,2.2601126794838606
1.116,2.0091188590032374
2.685,2.225810612889127
2.6,2.556110868589201
0.894,0.975890700250936
2.352,3.3911179967365044
3.861,2.0599558024080196
1.875,1.5280377755741412
2.234,2.033130590352684
1.203,1.9518960922388118
1.358,1.0231572629042915
3.074,2.2848204200758246
3.268,2.7621496570645476
0.703,0.3683795343059941
0.682,0.8017644013700505
1.146,0.8790529946634607
1.772,2.6831627441299375
0.819,1.303746594956813
0.906,1.7426018777208512
0.568,0.9952695017696058
3.238,2.9894305005625625
2.444,1.0454468399908095
1.443,1.7089817241387522
1.642,1.5120321654411626
2.376,2.9058176445027115
2.43,2.5585869211843146
0.833,1.1252879717641093
0.875,2.132042918550688
1.317,1.470675224915432
0.47,0.4138804893876511
1.953,1.919660233436801
1.841,2.174453146884268
1.288,0.5639390065031975
1.182,0.5139303077491562
2.128,1.7389683777605356
1.413,0.66649989878848
2.271,1.873305680709585
0.808,2.2652575809684024
2.013,2.01235677394434
1.833,1.9342341066408508
1.55,1.6539518581273356
1.438,2.0309390307308846
1.375,2.56674880889679
2.801,1.801507531314087
2.459,2.460138756858001
2.436,2.137118341081866
1.03,1.6180517326332549
1.038,0.9802477460840251
2.359,1.8288775465861775
1.619,2.303390969933659
3.944,2.341714857840458
1.458,1.2072633707903364
1.848,2.511129347992558
2.423,2.3511873075193606
3.355,2.1610165858593007
1.655,1.413485917846522
2.048,3.1355907331225694
1.597,1.2490606774119897
1.691,1.5369841345500816
4.786,2.302700481847886
2.589,2.143739701780923
3.24,2.4443201285534286
1.031,0.5829235908478765
1.381,1.592605007874404
0.916,1.30931632860203
2.289,3.008564012366243
1.388,1.4471075726676972
2.522,2.208529833703089
4.203,3.511914036660599
2.436,2.8211776081535405
1.421,1.8252167714175371
0.675,0.9487174829301139
0.928,1.818448128098865
1.908,2.447633081217276
2.239,2.0341697386673516
1.434,1.877838958140977
1.327,0.3667451655187932
0.99,1.1483545491495946
0.677,0.770263300171635
2.274,2.875332335859966
2.286,2.4316716822739295
1.358,1.5851574047537014
3.621,3.154825381910946
2.813,2.6610821875618598
5.00001,5.019110514023602
0.906,1.7807459708426094
0.663,1.1835506320632518
1.502,1.3060363228198923
1.703,1.702946816634487
0.993,0.09873187460781452
3.229,2.5837583608279857
2.132,0.6137914331854191
2.17,2.312939163830137
2.679,1.9341477410220946
2.063,1.8212340438837913
3.768,2.347315288075542
0.875,0.7850577482249221
3.047,2.395288129304589
4.602,2.8887252736462017
1.285,1.598137552402683
2.846,3.2542862512477484
1.196,1.5255231821463795
2.086,2.218860646086199
1.175,2.339746868332959
0.669,0.8267334363304641
2.048,1.7920300263632427
0.746,1.2525847057951296
1.091,1.5818766995363447
1.143,1.9545142776518247
3.083,2.4999451227672225
1.13,1.1435543697805457
0.917,0.6343236681612865
1.342,1.5925378124475955
4.25,2.050100506550393
0.539,0.8164707365154342
3.106,2.2807588519027817
2.417,2.3003629501057574
2.268,2.6406717345299953
1.008,2.070774740775846
2.38,2.1536880382866244
2.455,2.021159175354768
1.565,2.340459795869883
1.156,2.5710003836455755
0.664,1.0391990189244424
0.588,1.0562574921522057
2.236,2.1590796716304155
1.693,2.2071002098140937
1.667,1.4112135690487264
2.25,2.4852665993606564
0.726,0.803143333299225
1.603,2.040546257556869
1.475,1.4927636854971738
0.912,1.575309094679504
2.083,1.5030054471719723
3.353,2.3476146907815405
0.58,0.3720341037741335
2.265,1.9924292489155206
3.452,3.845050103244901
1.068,1.3028699600398568
5.00001,0.8516218046365083
2.75,2.402231138095729
0.958,0.9710580623013385
0.972,1.5768179399528819
1.55,1.4570747817238043
4.0,3.9007663572561952
5.00001,1.8764196858179574
3.043,3.033799713236334
3.592,3.1636069003869594
1.447,1.7232528616298382
3.528,2.3429154636609297
3.556,2.832055717042813
0.991,1.591733808800214
2.504,2.293225957347765
1.056,1.3109947448859742
5.00001,3.995830354469078
1.62,1.9611282628417115
2.722,2.878682229049076
2.459,3.2261278284622605
1.833,1.8650210344926634
2.207,2.8422466963308466
1.61,2.293026939307424
3.039,3.0467280015563745
2.662,2.2640977999320953
0.901,1.2447284670444887
0.875,1.56353832432238
2.094,1.8697952299612979
1.887,1.7937743819464558
1.014,1.653971392494661
3.875,3.6659270787569085
3.591,2.644397484988936
3.273,1.9789126819376435
2.792,2.4220358812572655
2.336,3.16192699210945
1.635,2.730746256922835
1.242,2.3315424798743436
4.5,2.429071929712933
1.119,1.5816373617180517
0.908,1.5088750042140546
1.206,2.6323206956962792
4.838,3.1975282819143587
3.667,2.3735051309307735
2.01,1.991919187725557
3.336,2.7317777996372286
3.625,2.1559968748038614
1.701,1.941972802846756
2.467,2.8693047303849184
1.612,1.8561984690956876
1.47,1.0052932441178513
1.179,1.8617433858207448
1.113,0.827559146819695
2.665,2.644992558363164
1.135,1.6269052647525228
3.291,2.3388286809839514
5.00001,2.97823651207446
2.365,1.8951123606284028
1.222,1.3179113263133004
0.819,0.33748001174593867
3.864,3.3298830704280533
1.848,2.119622369265926
1.607,2.806800527100087
1.016,1.1018109842935004
4.24,3.1729379087774348
2.625,2.657117616454002
3.694,2.1569221061190618
1.151,2.2457888737439333
2.817,2.1993184695929884
0.981,1.6695072630795167
1.311,1.7936318157703326
2.518,2.1258592539406678
2.327,2.6606669091274355
1.392,1.203430023978747
0.715,1.2699448396841646
3.405,2.8340967214693578
2.708,2.1889000694046103
1.556,1.601334849890776
0.892,1.0151990597412777
1.67,2.478208319853465
1.031,0.8085591618543688
1.805,2.2859201121417883
0.512,1.0783181200604375
2.046,2.393878441940842
3.872,2.1502565751921736
1.625,1.5365604837443243
1.204,1.6049005959705482
1.397,1.3297534603968657
0.982,1.1311732718856646
2.694,2.935807016579872
2.691,2.311446849249144
5.00001,2.8008804493392674
0.496,0.774507253022982
0.58,0.7990198204093417
0.659,0.9111996536823099
1.754,2.3202477642037778
3.918,3.4266652399960833
2.808,2.0845217153697817
0.907,1.5243194352321296
5.00001,5.0548193161470465
0.923,1.6391592163837885
2.271,2.755251378591254
1.625,1.5826709224236026
2.909,2.9621490525336327
1.831,1.8930832913245652
2.832,3.272700589735088
1.774,2.730071560936736
2.387,2.745409547748004
3.213,2.468645964434046
2.615,2.848900831507038
0.993,1.629547532124775
2.261,2.496407156976069
0.517,0.5783454983188534
1.569,1.9866985816848413
1.609,2.015822031370895
2.224,2.212666192206889
3.052,2.770789432286435
1.388,1.9998754133842738
2.307,2.854652699896363
0.943,1.2956481120829224
0.972,1.6129846682578943
3.821,2.771875535829963
1.932,2.560347272993347
2.095,1.8603344975753515
2.314,1.9154843379115718
0.893,1.856469119589562
1.961,2.2020208355702735
1.135,1.129940860029457
1.784,2.3215922774030346
4.065,2.423152145711633
2.282,2.3204166056412703
2.348,2.343112611799036
2.313,2.036396999227719
5.00001,3.8037527295871385
1.841,2.0565666675815564
2.137,2.6297233059417024
5.00001,4.0162394565917054
1.692,1.9881233900067343
2.324,2.655079497373393
3.517,3.774673923210031
2.346,2.1190161435070394
1.125,2.1068357635865027
1.452,1.5676702086720908
0.872,1.0531153896778136
0.535,0.8535018494218889
0.438,1.0695941372838575
0.942,0.13075918993078517
2.188,1.3220867692626754
1.919,2.0527017128750984
1.322,1.7933335799928898
0.468,1.1344167303501536
1.497,2.460553925996777
1.263,1.5836028589465911
2.559,2.6646553066886653
0.945,1.413142214196455
2.371,2.400938658709478
5.00001,3.119946683985475
0.875,1.6812043394178815
1.266,1.063460549962251
2.451,2.616851014742224
1.574,1.9698621546825805
0.784,0.891491176766948
2.181,2.1977810387308168
3.5,2.243259954660971
1.984,1.9233060615246558
1.439,1.6241183326086457
3.379,3.0187883756728553
0.763,1.2902524479438426
1.601,2.2953558235064335
1.306,1.6415946963222225
1.125,1.3569338933250634
3.292,2.6972764781242304
2.333,1.8893944859610272
0.992,1.5715563818511384
1.979,1.970887036738631
2.041,3.062999151074969
3.5,2.7270156131914263
0.621,1.1855923866725249
1.404,1.346627521311973
1.521,2.286681518450827
1.305,0.18966453955132323
1.951,2.488797689412884
1.995,2.4325451532757967
1.375,1.686534209462593
2.75,2.119584949434767
1.229,2.2426091277260056
1.09,1.573953350859135
1.217,1.024084875492214
3.02,3.3032827646019456
2.417,1.9591602894581186
1.532,2.2438921492351085
1.693,2.6888253780074436
3.585,3.965409236917516
1.75,1.953277832655516
1.125,1.1624087476715133
3.76,3.6389139591467554
1.188,0.750346188053804
4.01,3.2327527834837895
1.079,0.9484426022163817
3.397,2.4569697021707952
1.58,2.1148645278359695
4.688,2.898234045079967
0.631,0.8080201135338925
1.846,2.188070924468825
1.897,2.388879250832794
1.909,2.1104265750167954
0.675,1.7203384727761275
0.853,1.3169562476576075
1.736,2.2430504381105365
1.297,1.6067240951506392
1.81,2.5697298442687924
5.00001,6.988095146716958
3.762,3.6356014612061784
2.43,2.713586186794629
1.482,1.4660009967005365
2.381,2.962907977947829
4.5,2.9712095436980945
2.4,2.7001083074666354
5.00001,1.5475304901227318
2.741,2.6158160530101995
1.901,2.6441881127628264
2.684,2.7424184429380176
3.493,2.170701551109211
2.757,2.4745952888424085
1.828,2.0029405150915167
5.00001,5.91164594270343
2.132,2.1587183456953767
1.795,2.4126752559929443
1.385,1.3639564230961838
1.813,1.4889152834178105
3.405,2.143619948634388
2.25,1.94596800938357
0.683,1.031992500137811
2.379,2.7249880607676644
1.497,1.843681661990864
1.258,1.9241183508752826
0.876,1.7770933288578306
1.25,1.5675470958231514
1.688,1.1372574633940644
1.35,2.1601876922018945
0.863,1.3441737970052756
0.649,1.0834490122193472
1.063,1.7622861776198064
2.857,3.023256129936499
2.724,3.1305758781171136
2.177,2.7884297363077337
0.918,1.7935824404657765
1.63,2.038775393639199
1.951,2.1609239437902943
0.325,0.8413489893776926
2.753,1.879606820392965
1.369,1.6656041054004191
1.941,2.26851697002396
2.302,2.2026180448655523
1.436,1.3588406386760354
0.396,0.7401181344407703
0.598,0.37659938303800544
2.107,2.4526215139756786
1.563,0.8940439631881816
2.156,2.2647425439294437
1.775,1.7330495132026371
2.189,2.112392449943634
1.284,1.8408818569304302
1.906,1.731035137018722
3.983,2.516467136431281
3.671,1.6278709763620967
1.225,1.8757294085568859
3.761,1.599972821030768
1.576,1.640928294618277
1.781,1.4769013643160775
0.724,0.7451213438378446
2.876,2.6785719638456555
1.75,1.7018246608244851
2.808,2.045558772724526
1.605,2.1285740906374286
1.586,1.8787137507476572
1.443,1.528760681448098
1.363,1.8457089063594125
2.182,2.5343711042509938
4.664,3.2779457782453107
3.861,4.548419771868993
2.512,1.8791907394094096
1.904,1.7639029054437643
2.231,2.354501750641049
3.61,2.41070717205983
2.75,0.7189039302935996
0.708,1.0959868880656387
4.6,2.3757655050559308
0.675,1.0233057564225305
2.25,1.0772946837484128
1.761,2.057235936511013
0.524,0.6682838532723281
1.676,2.4392207039160425
0.997,1.3366797058716244
0.889,1.5026132040821807
2.237,2.3341178917060645
1.805,2.1444877512910736
0.932,1.5808861789515163
1.738,1.7122819137503527
4.908,3.8747924653302235
1.042,1.481935325665411
2.761,2.268846836353319
2.547,2.5064725093340243
2.123,2.7611409970623413
0.875,1.5842541111354507
0.942,1.4825699372249517
1.635,2.584865238709135
5.00001,2.39840225598099
1.25,1.6822311215060353
1.823,1.916905675353199
1.117,1.4463728599870223
1.46,1.6682090296994403
5.00001,4.015481947402705
3.205,2.8381307136709495
0.48,1.012181336229915
1.688,2.956424618119989
0.675,0.4486004984113805
1.731,1.583834303926146
1.5,1.190722621891723
3.292,2.8225025745566654
1.41,1.7536790486543339
3.78,3.3055116899262273
0.802,0.47740051746822587
2.033,1.949976118124063
3.949,4.030328437953436
0.845,1.1891416880570773
3.273,2.0042524484311954
2.012,2.0102326515122257
1.625,2.4448058352857416
2.66,3.096658199719222
2.212,2.6028025179870866
1.765,2.1274547282947864
2.063,2.265541626729231
5.00001,3.0657075730004095
1.867,2.0161414876653367
1.125,2.5686777439658854
0.905,1.1958855707686311
1.908,2.172861896029346
1.988,1.554442172453527
1.656,1.924675109924891
5.00001,3.9621181016282634
1.457,2.2395088289548966
0.913,1.2382635177054553
1.404,1.9784609174482952
1.917,1.9340797822448152
0.611,0.7628629092075201
1.53,1.5856430609783914
0.855,1.3651653742454144
1.645,0.9988116987173257
3.862,3.5593268158717066
3.413,3.2587947250639218
2.464,2.33628215239564
1.218,1.714575690440526
1.325,2.00460059364012
0.98,1.7102040788360995
2.414,2.2902392277507744
1.713,2.5125708007758476
1.201,1.355493650127194
5.00001,6.730427123280322
1.927,1.6439892384653376
2.328,2.2040840297718773
1.918,2.190384165148231
1.963,2.4395562272712326
2.939,2.952102621365441
0.846,1.7111947022583252
5.00001,4.060169209330972
5.00001,3.815333375198371
1.073,2.1431857669810626
1.5,2.451829323431248
2.042,2.362329881100109
2.683,3.272305300308453
1.035,0.6631800309814082
1.615,1.7718194839696082
2.224,2.09213614573148
1.669,1.656118865088871
2.292,2.2666778290273513
2.059,1.7433891417144096
0.955,0.5256021229157071
1.625,2.5666705026705614
2.407,2.3758164252529
0.828,1.4062490916139865
2.302,1.3510388059527259
1.859,1.7177411494337917
1.058,1.3149160611489208
1.188,1.4155217875975765
1.944,2.2561571434287515
1.833,2.115822228143955
2.925,2.069980963652533
1.442,1.7983386951954543
5.00001,2.426907586226143
1.342,2.1977548950842447
0.528,0.7335252712176157
1.887,2.1522063943695002
2.04,2.2564617332150476
1.795,2.0092891047276
0.989,1.1588254470457287
2.799,2.2454044001537525
3.277,2.643900974376294
2.08,1.7069186162180827
2.083,2.4879254412256344
1.125,3.594882949279871
2.347,3.0724514601720188
2.145,2.2412397810665965
3.385,3.1470918165620603
5.00001,7.0873672941463965
2.841,2.4536550771196843
5.00001,3.978487095310726
1.813,1.5697725257292277
1.25,1.7141005176730673
4.125,1.9362106366637235
1.125,0.9127553926935903
0.903,-0.22592301531837222
0.96,1.8925513534116973
1.425,1.8810909372308302
2.663,2.676174635292277
1.65,1.6951928858794005
1.18,1.7231833915976864
1.564,2.3887759932125263
4.268,4.252422077473547
3.086,2.5519833762352278
2.392,0.9537426991924676
1.094,1.788849480184922
0.666,0.8539208388917032
3.685,3.1016509711867855
3.305,3.4201768500957783
2.736,2.665244726794839
5.00001,4.7326210574693235
3.211,3.2681688438595344
2.426,1.7461355695415506
2.319,2.501074226803034
1.514,2.516690185271834
2.278,2.4256857126389093
3.8,3.28418267536307
0.952,1.9510255096077458
1.939,2.0896887876448105
2.607,2.405102563234614
1.91,1.580215605163687
0.649,1.1117470121654662
1.283,1.918445621263956
1.898,2.3137447423812816
1.833,1.844025100669775
1.518,0.2934277693895311
2.573,2.0166514695723166
1.375,-0.07751799054695141
1.25,1.0407932819833405
2.181,2.151609329528469
1.681,2.28867899326157
2.318,1.5884466409105897
1.49,1.9338041385147804
1.703,2.3213272725829412
3.913,2.8002243140333007
2.823,2.4925723799695874
5.00001,3.7264231943980946
1.354,0.9451500633829539
3.284,2.498888489537002
3.5,1.7545682699017462
1.823,2.0747511256839957
5.00001,5.516621073982456
1.92,1.6451157110910657
2.408,2.7250617929550245
1.75,2.291068525288786
1.264,1.5723688217029732
1.259,1.6026203888401724
1.947,2.411538751774131
3.418,3.3830952248884643
2.119,1.7698698549801577
1.375,0.12754348119828762
2.706,2.134024563088772
1.723,2.006097448677856
2.621,1.8931827738862665
1.491,1.7369210824586858
3.391,2.549662005670008
2.486,2.4323941736832353
1.287,2.2503357288098016
3.439,2.398838046409189
1.75,1.7326116790696844
2.875,2.0696075122768463
1.436,2.330426277326403
3.462,2.7334673785245513
2.322,2.986310062899136
2.0,2.324405473880894
2.415,2.340212807461178
0.675,0.8569663117491118
1.917,0.9477995577749354
1.783,2.213167821201168
1.782,2.3932258494092906
1.332,1.611033473389348
2.738,2.727387341221025
1.522,1.7855331676125274
1.871,2.206001186710779
1.375,1.1078853184386759
1.104,1.437578911968501
2.406,1.6730403745531746
1.625,1.727234071866846
0.838,0.8485685968809449
2.656,2.758514681771487
2.115,2.5632644419007065
1.734,2.370122387092529
3.1,1.2624205847030083
0.995,1.7414747666295796
1.914,2.311609783175129
2.201,1.9587387244863734
1.673,2.3160560287179166
0.65,1.0730809365497223
1.418,2.3048572117117416
2.906,2.177122107867973
3.192,2.4580155368548873
1.188,1.4996259252567796
2.0,1.7003346937652282
2.195,1.850899814784519
2.894,3.1505977881012797
1.164,1.6910037702651906
1.623,2.2204881896558604
1.141,1.250797978869386
0.713,1.2400703528568258
1.905,2.3298943780305947
1.973,2.359253156393386
0.722,0.5892401769558759
1.033,2.059792406241236
1.43,1.5910956104594405
2.449,2.081621930496482
5.00001,3.5297539796107884
1.833,1.7645616407977656
0.861,1.968249867054908
2.184,2.5244364226126734
1.108,1.3580446403870852
2.113,1.9828827250446466
3.388,3.15693796157737
1.231,0.8502841446226199
2.695,1.1787851031830812
3.214,1.9882925281003523
0.819,1.1639355613033686
5.00001,4.694533491428693
3.046,2.671330844158561
0.729,1.0142191286696942
1.58,1.967809324285902
0.622,1.1560443858454335
1.163,-0.5436108742486354
3.141,1.5175577634297426
3.625,2.7807562090201827
5.00001,3.892362102341309
0.741,1.6794842452199532
1.5,1.8144969229012062
2.7,2.9067809977292924
1.208,1.3412263238154623
2.5,2.890427153701779
0.722,1.3256301721812562
3.75,2.375570226741573
2.396,2.783383601376059
1.833,2.173481970757024
1.612,2.4685972120573823
2.51,2.3911737275415703
0.455,1.1455951311538684
1.781,2.024144289577542
2.589,2.7576047738004235
1.458,2.1070297916244556
0.847,0.30610800916382175
2.167,1.7694257882559796
1.304,1.0787887734009445
1.585,1.6277989909933908
1.178,0.8705968363709218
2.15,2.3753439976480806
2.686,2.614977983304229
1.0,1.168300451797485
3.327,3.9792919065702748
1.867,1.7369335234749528
0.53,1.0551642214714292
1.497,2.134518654105996
3.458,2.605078715346778
1.245,1.2470256883484794
4.758,5.031470420898884
5.00001,3.2969370672894343
5.00001,5.696450769972614
1.759,2.2910066076068176
1.833,2.4065726689332365
2.531,2.9378824168240314
1.178,1.7820304037614818
1.435,1.7751448511283954
5.00001,2.9332791481329252
1.423,0.6156660316997673
1.21,1.8833914344883596
2.688,2.4045714697410503
3.302,2.9011072827019504
1.218,1.8086860048470967
4.169,2.9406295927695254
2.667,3.097711063093179
1.894,1.8730051332288085
4.436,3.0050517809920265
1.63,1.6466809083786345
3.825,2.982223416349001
1.063,1.5652634014431257
0.578,-0.017063731614314293
0.575,-0.26111958530957935
2.38,2.1895923969079334
2.189,2.588289616567913
1.186,1.5234297598003224
3.091,2.9056490867027236
2.132,2.3054064863535118
1.802,1.882419284482097
4.708,2.880871024225627
3.372,1.2375432632966437
0.953,1.2476833701737604
1.039,1.704909369890295
5.00001,2.4118180035578405
2.15,2.050137005355701
1.894,2.1697317312416544
1.714,1.7960820108127606
3.57,2.6207872332915514
1.962,2.3488361559534994
0.985,1.4024564554651349
1.788,1.9976965758679341
2.266,2.376941502955951
1.714,1.9200032211715552
2.714,2.021548347432649
2.168,2.5630942884868375
0.679,1.6877401062214545
1.713,1.7569341863274843
1.109,1.596655599450692
3.325,2.680839287876303
1.5,1.559326601338448
1.734,2.5765096000752976
2.375,2.9186649713376482
0.658,1.50581725740372
1.731,2.3432781414970307
3.212,2.4877781898839686
2.65,2.3620688292005028
0.875,0.3957385805020337
2.103,2.67636543633985
2.478,2.3787171841301102
3.757,3.2806120922784885
1.137,0.6306326312873409
5.00001,3.8090756702204445
0.456,0.8785294486292372
1.306,0.9609536859014227
1.986,2.089712948879047
4.367,2.604190207744722
0.926,1.3380124365231865
1.5,1.6998915890492086
3.599,2.8131074433662064
5.00001,4.904656457007199
0.938,1.4588930243935394
3.833,3.352879375293618
1.917,1.7468819429967013
2.672,2.796224702576744
2.802,2.2818766484407718
0.521,0.8521304318810579
1.102,0.744909150542874
1.646,1.3867186309735757
3.248,3.3938638112537447
1.227,1.6156240679438412
2.167,1.9344171002348318
0.736,1.5917780341525898
2.541,2.378693912632123
1.875,1.6801644861269338
1.66,2.673218230795463
1.579,2.031031180394983
1.938,1.9805386438235004
1.408,1.413366888234684
0.953,0.9286675583928812
2.27,3.011246867818379
2.656,2.606764823214803
0.902,2.01168759957185
1.832,1.8315318083838648
1.846,1.896554003215627
1.625,1.733076618646109
1.25,1.2314599305697058
0.972,1.5289249982624256
3.553,2.0192717990160176
1.362,1.788094722794753
1.25,1.7299800637350558
3.056,3.209125623354957
1.766,1.686473819908592
3.486,2.8401993786047655
2.992,2.6521339058142885
0.721,1.3926412401355819
1.095,2.0258044876121986
2.811,2.2387441289225833
1.563,1.6969729954651953
2.342,2.349805468304524
0.597,1.2809950047476235
2.5,2.8079713937079944
2.033,1.6765317516806917
1.731,1.7981651767397722
3.003,2.7646088248970173
2.38,2.199405033981229
1.79,2.0746596683372758
1.66,2.466111315713242
1.607,2.109573553719045
1.475,1.5393551581461011
1.921,1.692774371461475
0.564,0.6779103716579797
3.048,2.270637567980941
4.398,3.266046079542953
1.375,1.5863189761219658
1.375,1.473389335711488
1.346,1.604341197290971
2.625,2.557605965073485
0.834,1.1841273199874394
1.135,0.9300046652104399
0.714,1.5500191578903255
2.045,2.3145498409162073
2.824,3.014417900155962
1.457,2.035039362049119
2.647,3.141383874819695
2.75,1.8181188536247674
1.716,1.709130636483117
2.167,1.578342720720066
1.807,1.8904907121542536
2.125,0.008425388752449692
1.677,1.9861320910321751
0.425,0.969915855503352
2.384,2.0839813264333173
1.44,0.5391739592884903
0.436,0.9313226156792638
3.635,2.462599512334222
1.862,2.272094354365052
0.675,0.6247752447213912
1.596,2.613143290699604
1.956,1.6522317448767225
1.548,2.1041060861020924
4.507,3.9513856822194597
0.699,0.9062366252231655
1.322,1.7756727123760925
3.28,3.6213482702441624
2.728,2.7374436808403146
0.663,1.006671839528721
1.293,1.4040957292351024
0.771,0.6460963296953324
1.555,1.822640131591939
1.26,1.5794506370038732
2.403,1.9821287867225053
1.33,1.4686986361836247
0.949,1.1487123437154096
2.039,2.165315740814293
0.61,0.6622204582127154
1.392,1.6257889062835602
2.292,1.632330359323845
2.606,2.9925514333750627
2.511,1.9410435570807607
3.276,2.7005311389027113
1.679,2.39841034974242
2.12,2.1900260274989805
2.333,2.3477312514498294
2.554,2.7104374381578538
0.675,1.2817313962595023
1.62,2.1242845266745576
1.172,1.8482386921362917
1.097,0.6814243042851871
2.75,1.2412173236822923
1.118,0.4488664494484311
1.66,2.1727295442948673
0.927,0.9596133334679209
1.86,2.590880905710506
0.973,1.4824252533782385
2.413,2.915765340762327
2.585,2.8379591161674895
1.382,2.177108782405462
1.961,2.6190762883011516
4.192,4.255322489081941
1.388,2.060168834816892
3.766,3.2953540920948257
1.651,2.3954259881756244
1.818,1.5391635535304786
2.118,2.02978086597696
1.125,2.107518076023119
1.443,2.044520705805958
2.22,2.5635720801954847
0.536,0.4696656607042371
1.308,2.2343152458559743
2.276,2.5928591635205365
2.75,2.4636448260222963
1.919,2.0085241938100893
0.641,1.1175618921701016
0.681,1.160182931517511
2.552,2.3507025630468164
2.441,2.943302376994943
3.37,2.3353635157185977
2.083,1.25382846695679
5.00001,4.2044845557578086
1.721,1.7956688282225883
1.289,0.9392696938772502
1.449,1.542173864780608
0.72,0.6015753467015372
1.429,1.925569432877964
4.361,2.756158876776446
2.042,1.9678656044282405
1.957,2.6371825971470244
0.905,1.151908866853681
2.361,1.636397145814449
1.869,1.8576387745538696
1.625,1.7531695701677847
1.125,1.4062995022826215
0.58,1.2788564943125706
3.074,3.2904497651628404
3.538,2.6926026051988075
2.909,2.6667557730579006
3.586,2.7547450409876504
2.462,2.3043032323158386
0.721,1.5933260703130117
1.075,1.6357801367798999
0.786,1.1378962306326983
1.876,2.52878806276577
0.979,0.8583679108908271
1.866,2.211977526621304
1.969,1.842381586156975
1.115,1.3127067875486347
1.563,2.3575219907128826
2.182,2.7604376982522894
2.935,4.216765373805167
0.59,1.4503296881995524
1.628,1.6904148125565328
1.029,1.378310735128224
0.543,0.9608393045897969
1.663,1.6598532550488088
1.525,1.628625407626977
1.426,1.8000408231511216
1.5,1.7424655578586865
0.844,0.9808767378675185
2.1,1.4666350405122088
1.375,1.7020903757397718
3.5,2.4509823827459343
1.719,0.564915761546068
1.431,1.8656858403325245
4.523,3.086667503847991
1.76,2.0508716038508723
1.127,1.3394445281969638
0.684,1.2072519735356764
1.907,2.1934231850199026
3.318,3.905619218524336
1.84,2.2503716473341413
1.625,1.0829357927511722
1.294,2.0532963759747247
1.728,2.0397188968442137
1.911,2.1960023690658517
2.949,3.100505330188355
1.886,2.1173500883048035
0.638,0.8128447779304722
4.661,4.0686554143224924
1.868,2.0668128899114677
1.393,2.1227440329249347
3.303,2.3232319948457203
2.848,2.6593292559054333
1.988,2.142152991188638
0.693,0.8346553025585024
1.455,1.6352747816590707
1.662,2.148394798220174
2.738,2.412495164508236
1.49,1.5559446774317536
2.154,2.780854772719465
2.878,3.1612244489330763
4.063,2.8423969249744445
1.603,1.865305156878101
2.4,2.7344615750994663
0.609,1.2695614773851673
1.423,1.7584006725686905
0.848,0.8969650722151457
2.054,2.6708400748489893
3.968,2.559769985104573
1.354,1.5587688756832634
1.154,1.7980415565829233
1.625,2.120432067850892
4.25,1.8868276450004444
1.143,1.4532366449254397
5.00001,5.395265770842222
5.00001,3.894590230683818
0.487,0.7647076071729657
2.947,2.723655071248672
3.005,1.990219776891692
3.432,2.1502162350319693
0.92,1.4144099713090839
2.781,2.920710469995079
3.809,3.3393443698101635
3.398,2.21749785084355
0.968,1.4695709780902533
2.7,1.8484305959307932
1.9,2.3909636973861126
1.813,1.6625346059433141
1.006,1.539340637412721
1.708,1.4422319867216515
1.527,1.9078102368782055
3.536,2.302714534023089
2.0,1.489305633840189
2.134,2.347562958750146
1.531,2.027984901425185
3.797,2.224634627322345
2.75,2.138464147913311
0.786,2.0748809346018646
1.883,2.7112647298550527
1.38,1.821322926583214
5.00001,4.353204717331188
1.974,1.8817888312009288
2.446,2.487661497443156
1.653,2.4625601569927937
3.004,3.0440944901773292
0.882,1.2981766852551502
5.00001,4.918301284444098
1.631,1.8039574010102086
1.919,2.673128835672621
3.553,3.208761714883721
4.303,3.0170000551392633
0.427,0.7255521375395944
3.781,3.3508580379171065
2.64,2.186111454725058
1.119,2.3737593755640987
2.245,2.214932664658015
1.25,2.0223394658674394
0.641,0.04691712360623512
0.884,0.7113679344758594
3.892,2.481102862901359
1.938,0.7426934831460983
5.00001,2.383560830847557
1.875,4.272431827064615
2.103,2.4465220190284356
2.128,2.310833850188118
1.775,1.6364125711943345
1.813,1.0589599692907399
1.595,2.158171740795872
1.775,2.0430160393250674
1.161,1.303497134568154
5.00001,2.677067672241243
1.625,1.6052052123680767
1.355,1.8343266517929138
0.996,1.8904779470727604
1.185,1.5751439678957908
1.569,1.325037205092407
1.472,1.767856309139681
0.858,0.7896619081444456
5.00001,2.128359595952908
1.709,1.6388541163053674
2.579,3.1853663258630647
1.643,2.1230869855542664
4.389,2.3962875554658893
0.98,1.5669161378192626
2.887,2.9537043179082616
2.032,2.200955877614639
2.836,2.396452869983932
1.625,2.2436269959266255
0.953,1.6711629223743785
1.617,2.100182742760637
1.875,1.7531363033460394
1.58,1.6558036705919577
4.561,2.783447260238063
1.029,1.8007913913021127
1.654,2.204458939552538
0.544,0.7000048045247453
1.472,1.670061915788672
0.95,1.4603543916922632
1.43,2.012849394602199
0.972,1.01882482623612
1.129,1.417930081730205
1.733,2.148406202899345
3.931,3.15835704217033
0.63,0.6003698523151471
2.973,2.755126994634452
2.421,1.936066802312098
2.939,3.1036603202110626
1.131,1.6964159562510588
1.372,1.5631822147759706
2.971,1.789971706980893
2.435,2.563525862447385
0.988,0.27454452416957764
2.448,2.5169854370187537
3.278,2.731492528945715
4.375,2.837914578325929
1.635,1.8287128514025923
1.024,2.03532067624252
1.122,1.3963593870881823
1.659,2.7332727518370987
2.5,2.2870631861210313
1.581,1.9786649159766299
0.875,0.5166574432609465
1.35,1.5799071347834541
0.795,1.0399781592691966
1.621,1.2192913171882864
2.284,1.6893259166977757
1.406,1.6026045710803558
0.713,1.3759974472728587
2.663,2.8137906317649097
0.813,0.5208580240836724
1.85,2.554436643041278
3.293,3.7559624564206473
1.688,1.6303954995864345
1.104,2.1728071384010974
5.00001,2.5413688103174863
0.857,1.2996732225978889
0.633,0.5642937583533225
5.00001,4.95451775520678
1.838,1.6427555192238543
1.507,1.5911115016354742
2.429,2.7986271593611534
3.267,2.9519376856658823
2.204,2.214609594307099
2.407,2.6046221041562063
5.00001,5.63831781129398
0.984,1.5737478874412716
1.669,1.9223483109063508
2.054,2.628891292958862
0.901,1.209777158138806
1.898,1.8285899853185583
1.625,-0.010430738729688471
3.337,2.104902739700492
0.851,1.4533097664706673
1.344,1.462604384909767
1.446,1.7704777763359445
2.15,1.794024962709699
0.975,1.7709437909168386
2.1,2.243976565643848
3.12,3.2115482800919253
3.0,2.2801652893250264
2.024,2.39728909291955
2.541,3.234430025506917
1.16,1.543928848399574
1.67,1.6928149130677568
3.969,3.2832067023485294
2.27,1.7127478451880123
5.00001,2.811785101219691
5.00001,4.712246778234302
1.99,1.7839805168458795
3.691,3.6259126127277383
0.225,1.4178314272265524
0.957,1.2451833032849038
3.659,4.053634153907716
2.158,2.2870849230633468
2.055,1.9238716750780043
5.00001,3.347750316825916
2.508,2.1364386677555345
3.636,3.592948116529165
2.942,2.7634666768044696
1.714,1.579095969191215
2.613,2.6598215296391388
1.149,1.214253180636824
2.584,2.2026160140602613
1.063,1.2348068607541833
0.989,1.4414398294520865
2.42,2.3351032035354464
1.461,1.6576639531803394
1.546,2.0595675706167853
1.975,1.7027034291303451
2.896,2.7278202300844114
3.257,2.3302486598323284
0.533,1.0396576083530462
0.878,1.2387340971819967
1.783,1.6521168117295417
1.971,2.617799160247678
1.234,1.8992516600634417
2.929,2.7632038138818302
1.098,1.8382960325550783
1.242,2.1584101676860072
0.573,1.1083567715099392
4.047,3.2695995450952537
1.875,1.8196353911684469
0.637,0.5783521167374985
1.012,1.6356807783859892
5.0,3.1742720967989158
0.455,0.42129677822154576
4.635,3.1318216724619674
1.813,2.701058752318474
3.074,2.0041370899720334
3.718,4.2714969507918354
0.56,1.275170873525198
2.893,2.2697180423424967
1.282,1.5207018935050627
2.714,2.6073969295477113
1.821,2.5425234365601526
2.194,2.904573860277054
0.784,1.2055366426534206
0.961,0.9628100814992777
3.947,3.4809716212266366
2.225,2.610376054398756
0.875,1.226547982745366
1.375,2.1162114375936767
2.461,2.0130329913751694
1.757,2.2546000864676543
1.641,1.8012119041665002
1.328,1.6312315616886508
1.292,0.9962622879101275
2.241,2.125398060643249
1.039,1.129251427446519
1.128,0.9875878414139834
2.438,1.6490520602156877
0.886,1.1077565849703177
1.861,2.8629131138034722
1.861,0.9287916424617393
1.609,1.501119831675723
1.492,1.5071357953016644
0.764,0.2067178833142691
5.00001,3.166602804458414
0.956,0.9908813146721869
2.375,2.402276867571743
4.183,3.304853130492596
1.975,2.4128303819579884
0.664,0.7135147538885889
2.69,3.4289040008755265
2.19,2.085501451878706
1.569,2.011185295713169
1.342,2.1623841985709262
2.042,1.9074168749225464
2.188,2.289840236723144
1.818,2.4940136122900896
1.685,1.9993201059110604
2.992,2.3871024494796274
1.66,1.5278857077816852
1.935,1.9387446759289517
2.125,1.7384775307848983
3.862,2.5667506365139445
2.684,2.1573009327763586
1.281,2.0628384598783427
2.712,3.0380010599817595
0.884,1.476041193241386
1.015,1.0678711748381033
4.955,2.821877555640377
1.673,1.3008255549586778
1.413,0.427526016250944
5.00001,4.9505905951149245
3.213,3.202299784632217
0.821,0.9308219394684727
0.929,1.3974530787985913
1.68,2.060563457346923
1.35,1.7708808266339133
2.431,2.2074212933191504
1.571,2.1499485273307144
0.979,0.4383404285045671
1.777,2.1859202207445847
1.318,1.3232087473831982
2.688,2.230216299761558
3.143,1.6913872564507315
1.836,2.451235731387605
1.0,0.6611770568161361
2.322,2.618246748611327
1.381,1.6983622731819423
1.625,1.6382729337610726
4.573,2.8561939828736556
1.392,1.8300719966127872
2.445,2.291616273356091
0.616,1.0010999672936833
2.37,2.0250109993348033
1.125,0.8948644177461205
1.223,1.1162753940554424
5.00001,2.620379713374639
1.101,1.0293372893526254
3.009,2.980087196202369
1.675,1.442172271774659
2.464,2.262068687772178
2.793,3.6715892582689236
4.14,2.360628252512626
0.587,0.9278336130120124
2.949,3.299214889920634
3.652,2.7420816509557255
3.683,3.5652418292931074
2.392,1.6634472764838009
1.214,1.9198003855742343
2.15,2.3848507862048294
1.139,1.9501818776476867
2.364,2.186560451741208
1.717,1.8884487201493059
2.485,2.583177045688231
0.582,0.4180749329861868
0.678,0.31328213291953944
0.757,1.1519659997824476
1.78,2.0212659103007624
0.604,0.3796093986920539
2.261,2.8766809897196666
1.795,2.336102973681264
1.582,2.9617993826774978
2.786,2.47522068792734
4.808,3.28592722954712
1.923,1.450755213276402
1.417,1.4279245232728215
3.308,2.9736503846244418
1.0,1.5186753057537317
1.032,1.6897447927510285
0.535,0.7944712545338675
1.857,1.7143154389381436
1.929,1.6965744441893307
2.56,2.8724619940076295
1.385,1.5228212126697684
0.696,0.8227999673650785
2.468,2.4705699374940266
2.659,3.0074368697911424
1.625,1.173814034845904
3.227,2.822146906817963
1.489,2.4950184623583453
4.29,3.6458149849468953
5.00001,4.098583078430934
2.541,2.4605651943062696
3.281,2.3976714824024654
1.691,2.0116421005223586
2.554,2.6056335343669375
0.764,0.9623017607755671
1.514,2.6180298366983976
3.111,2.7950849843784695
1.875,1.9875809972894416
2.132,1.9799782546790539
2.083,1.7292117913055733
2.028,2.846261968862244
0.901,1.5476593281955573
0.924,1.0532173356993226
1.365,0.16358032785218768
0.922,0.18756173705651236
0.794,0.498555195473962
0.955,1.340933626024622
2.492,2.3976269490823157
1.117,1.9528177876893267
1.906,1.6091697727278174
1.918,2.554352748479431
5.00001,3.0150879260070624
0.508,1.8283064366295747
1.635,1.3979331114151137
3.689,2.8312385363726165
0.57,0.5093150946135196
0.75,1.2219656532227319
2.29,2.4857344609487484
3.409,2.907387246317768
2.766,2.51555288601633
1.884,2.0071201902818814
0.739,0.9775467559505628
1.5,2.2059989458785125
1.471,1.8805835439930902
1.863,1.6046017434110453
2.349,2.748549428477766
1.225,1.3757346078862795
3.989,2.8849023068467403
2.5,3.3927974013113555
1.136,1.6400343918103175
2.448,2.6349629456764774
2.25,1.484943504219757
1.869,2.8716823766119504
3.097,3.270054843385026
1.306,1.4667324021004333
3.423,2.8640173342248048
0.65,1.0713152182220682
2.789,1.9063584006256349
1.688,1.056515120273815
4.184,3.2861105817152847
1.09,1.7205290925166707
1.601,1.7074831894446376
3.45,3.0248530200148096
4.188,2.8283965407201705
2.091,2.029751940023729
0.975,0.5204294955331292
5.00001,4.413486261655656
1.086,0.7537723960191869
1.333,1.8730588251221079
0.509,0.8805065791260986
3.116,2.8814713371127283
3.655,3.169138028427163
1.75,1.6454062854524523
1.703,1.4938504995004322
2.795,2.716148744518158
1.259,1.6220435938650226
1.557,2.098148612403193
0.833,1.4944460610832806
1.563,2.8752817446617627
2.148,2.7027938235730247
1.103,1.2061251438672258
1.65,1.7418823126261742
3.495,2.771108507965373
5.00001,7.260292632322425
1.257,0.6386404806815094
1.931,2.37431839349086
5.00001,5.359252307153518
1.996,2.2668439424623728
5.00001,2.444723469681378
1.634,2.1552491557183657
1.375,1.1705855693160956
1.215,1.8180181845803034
3.812,2.6784698437825583
1.119,2.092231070037677
0.58,0.49655712121771955
0.638,1.305270140375022
3.632,2.729963503951943
2.064,2.2281239384263998
3.708,2.0963817713757606
0.818,0.8211114861967275
2.715,2.4226981090053883
1.97,2.6950372346838023
0.734,1.0185146425379301
3.017,2.0460182802056224
1.196,1.9458281667703687
2.581,2.8295229574367013
0.175,1.9082908744425993
1.457,2.041198340895569
1.02,1.8224964418183447
4.0,2.820978578327342
0.992,1.4042076632399727
4.854,3.668170104423737
4.771,4.22408841769726
0.669,1.1303986040188576
3.754,4.017066985143806
1.696,2.6590828468399366
2.476,2.7877066574980844
1.647,1.7661500479044747
3.094,2.150209149989955
1.853,2.427797711843546
2.302,2.8197637963179645
1.561,1.7231612677558914
3.025,3.1445058987125094
0.978,0.8014263118080791
2.513,2.422916838403502
2.813,2.464472551875865
1.531,1.494374745504686
3.556,2.853884751974128
1.013,1.4303581471709848
2.66,2.385137733544802
1.607,1.7033816440159057
3.058,1.9813150386830998
1.475,1.2399103753397682
1.863,2.0482670378262853
1.626,1.9694339252901187
4.847,3.3695122143899354
1.75,2.077911046602523
1.272,1.5580909651537453
3.651,2.653716711053221
2.365,1.3041520057928153
2.14,2.4941246351341064
2.258,2.9595543594594105
1.289,1.7397730071783855
0.735,2.227642695903782
1.147,2.3311020859413105
1.75,2.0521468879142404
3.181,1.9357364208069754
3.312,2.4923061509998305
1.925,2.1141853941920985
1.595,1.2322362926433854
1.627,2.3083532387990857
0.673,1.3358714635255637
2.129,1.6106557465716378
1.406,1.7498258391840977
1.865,1.827184426932753
3.932,3.6061377923619986
0.553,1.1387991385002536
4.098,2.804720280733612
1.918,1.9301397391992623
0.995,1.584449787206438
1.75,1.3671759936215082
1.58,1.7853237507226467
1.069,1.6502781241209448
2.772,2.2657100366174348
3.267,2.3709904154097003
0.96,0.959405955706579
4.318,4.243048341030402
1.722,1.955921999022209
1.125,1.1837981656859995
2.25,2.206037890281138
2.595,2.7521239163247984
2.915,2.744930760580857
0.504,0.7099986140301695
1.5,2.6790733930160044
2.246,2.5150898928876018
1.306,1.854709346573145
0.697,1.2909964808107333
3.53,3.0342624626036567
2.312,2.9460023553537127
2.051,2.0704985747840965
3.981,3.1166298162411934
1.413,2.106168094135562
1.733,1.9394357455151265
1.279,0.8957037445005938
2.895,2.0956259289496373
0.959,1.301684747918351
1.334,1.7121644019703055
1.468,2.1951545229225644
1.813,1.8219750887908504
0.546,0.7117115997595818
0.555,0.8292496493541677
1.5,2.078352906854178
1.028,0.808155753763593
0.933,1.1589999520587853
1.231,1.8565391272758944
2.318,1.3249582893994472
1.595,1.9513914905438696
1.083,-0.13653707171386742
0.431,0.741102387636289
1.056,1.1364799870124571
1.683,1.7708942455386492
0.283,2.2692808971806784
2.829,2.8096146297819757
2.343,2.612505271199211
2.125,1.475660965131084
2.056,1.8153907413797299
1.5,2.0064838268481537
1.93,2.191502358882026
0.14999,2.584992811613894
1.7,1.5802041319226419
1.683,2.282292406158895
0.935,1.710710322175018
1.918,1.9737718274339358
1.815,2.3883780419659004
1.954,2.667513438562594
1.219,1.7799058241421974
1.426,1.9801228231056385
1.583,2.0599274193268755
1.653,1.6578508634834321
1.55,1.8120867861496208
0.921,1.3657075672072594
0.681,0.7671734983690612
2.763,2.5780778975130048
3.352,3.9325870614762266
1.211,1.210150266400447
1.771,1.3921663237946902
1.875,1.5913659128078237
1.92,2.097901454393643
3.012,2.809520226747182
1.591,1.7751757199963478
5.00001,5.967509164858669
2.737,2.580266659671281
2.339,2.7752720282515426
5.00001,2.2487004385166216
2.228,2.780778776815197
1.402,1.356420985735106
1.598,1.6918900423624237
1.188,1.6535178486030517
5.00001,2.494829619445909
1.055,1.4726770838470884
2.178,1.9680986938250484
1.875,1.6486836898732378
2.873,3.375386838360164
1.31,1.950475447697734
0.558,0.5091128553960544
1.619,2.3642592762747157
2.536,1.585924970127266
1.55,1.913415911153038
3.115,3.0695407702321305
0.878,0.04866158807953269
1.058,1.8699240209248629
1.37,1.729819309457703
1.563,1.7281559916022786
1.547,2.067502164108582
1.674,1.1423223245778829
4.578,2.8275866612655562
5.00001,2.9229337939539093
1.883,2.989723044195493
4.429,2.2882197731015737
5.00001,4.85474464595093
5.00001,3.431412537189793
1.875,1.8724727344030043
0.574,0.7455558284956609
3.875,2.712539368774337
2.72,3.0617805809323784
1.676,1.7038519737044666
4.037,2.772947866999857
1.917,1.5202179289013458
5.00001,2.1556231796984875
1.871,2.2743984958885264
0.964,1.7041902804184303
0.924,0.710377177644645
2.139,2.3887812979298886
1.55,2.3884155663031734
1.33,1.7997260716213361
2.75,1.1421175874379799
2.385,2.1913236085947077
1.583,1.654295375816858
0.705,1.1911224232803548
2.223,2.2462847314263072
4.119,3.2900597567802095
1.851,1.7355584347094037
5.00001,2.459111467826169
1.398,1.673185915887963
1.781,2.344349212465154
1.593,2.0371806665358605
1.25,1.6887634805286353
1.971,2.8007643411635215
0.64,0.8702697050928947
1.946,1.9475045171936287
1.625,0.629068488260252
0.844,1.1910588693158672
0.613,0.5666254598004556
3.682,3.110633820533998
1.221,1.539241410613485
0.861,0.8026625394526334
2.099,2.141804667704619
1.708,2.018906809015405
1.75,2.177510722015171
1.266,1.4050471268069273
2.822,2.2292911410604646
2.077,2.6107462183958106
1.042,1.670690590761275
2.143,2.7412514762828977
0.803,1.23370967404162
2.731,2.8523654231933904
2.375,2.7252083930137445
0.738,1.0685383381925107
1.844,1.99828873225497
3.42,2.329744472758321
1.297,1.7147114422915166
2.24,3.0107105982064297
1.569,1.943365662646812
3.949,3.1195891074960116
1.577,2.3097509420160947
1.199,1.745428312970482
3.169,2.670177578224596
2.125,2.611413792536652
0.683,1.0000804151678224
1.651,2.108921325242008
0.936,1.2844127681887656
0.888,1.5532010654231954
1.847,2.3623823600454443
3.271,3.0877243842161306
1.343,1.356619222609524
5.00001,2.5473407134651964
1.621,2.0898304163426573
5.00001,5.376587597398981
2.292,1.9489969099148254
1.125,1.4474930584373809
3.542,2.690321899976979
3.621,2.935608222773965
1.625,1.3137410395632472
1.005,1.5456299961446334
0.677,0.5092866472399535
0.571,0.8778080572741658
1.648,2.4612290740385703
2.042,2.0368712393356816
3.424,2.8882476427249983
1.815,1.5516183212721302
3.045,1.9576461920018602
2.353,3.011253588632016
1.053,1.8924300388686888
2.914,2.3118712067809
1.596,2.469273258767707
1.118,1.3280802207968136
1.196,1.3713179050367117
3.297,2.667899658166448
1.367,2.293823079627515
1.014,1.456397271184386
1.186,1.0716669688840454
1.333,1.2442209978694407
0.525,0.6738646022786412
2.346,2.9854151003908314
0.75,1.7563628769682893
1.763,2.1898763976018216
3.468,2.732458520711482
2.518,2.567083270046666
0.542,1.1719694606957418
0.675,1.777858073572851
1.425,2.128208782768212
1.016,1.3884202765906508
2.273,3.018786212402553
3.372,2.5008837622901368
1.188,1.9088733864041956
0.675,0.7854213707223039
2.02,2.3068458251139248
0.942,1.1376898594986002
0.962,0.8807371129318611
2.25,2.561016994256846
2.587,1.8385825544761474
1.031,1.1706126158667942
1.172,1.5084635959977106
1.648,1.0287013311764852
1.44,2.019414344614475
5.00001,3.4668444008912616
1.554,0.750713665415347
1.147,1.3787070162007353
1.231,2.121775148079152
2.268,2.47991966464388
1.804,1.0850728890335333
3.109,3.2882230462666513
1.488,2.0728365258063164
0.847,1.310609172924707
0.637,1.105978483385158
2.62,2.194510144478521
4.381,3.7678819564759607
2.265,2.260600136878878
0.876,0.907210990350741
3.455,3.026566010254676
1.401,1.4057431626169716
3.667,2.1055017379019034
2.708,2.4603300716631935
1.688,2.3486386278141964
2.938,3.0962651298034984
2.518,3.1929138596207665
0.851,0.7427262394671388
2.675,3.014391297611951
1.409,2.1775868668662355
2.855,1.8366619559607216
1.513,1.956550758914581
2.25,2.130492990206001
0.446,0.9199144666408685
4.5,1.570128243495624
2.293,3.0380666229276443
2.25,0.5375388392126652
1.38,1.879353188257788
0.969,1.0599804188437787
1.612,2.078300130297727
1.443,0.931853820677695
4.5,1.5533564242208655
1.225,1.781978988975375
2.487,2.344310309263413
1.342,2.038805737477155
3.481,3.4121148251039557
0.783,0.2322545261216149
1.078,1.022539657575095
1.469,1.8832825680334864
1.883,2.240465710887385
1.625,1.1817713080934027
0.586,0.47322690527698086
1.837,2.0101427223319988
1.804,1.8702015601630677
1.75,1.9350669000167926
1.372,2.632580738608887
1.1,3.4369307460839593
2.334,2.625225511494911
1.283,0.6404045071091673
3.5,1.5019237204685751
1.552,1.987180448627477
2.567,2.7205608277735607
0.859,1.1710401029042572
0.732,0.7257988558719077
2.583,1.9047604646046494
0.628,0.5157267012368081
4.85,2.7655213795352225
1.24,1.9090389788095266
1.585,2.216595717503374
0.973,1.4152377560629432
1.867,2.5854809767524713
3.441,3.461131988036172
1.667,2.15832349064258
1.089,0.6631182837125138
4.829,2.595899884002854
2.044,2.5040661921025062
2.307,2.3118912090059354
0.53,0.8674918818012216
1.785,1.769307779361796
5.00001,3.554318013423604
5.00001,5.871172652410614
0.849,1.186552723388182
5.00001,2.667165003561756
2.468,3.1119242273860976
1.563,1.721400235231954
2.346,1.848445745813578
0.488,0.7627208363345233
1.458,1.9815658885132947
2.715,2.894226174836348
5.00001,2.3219179303666238
0.875,2.3222385648263426
0.691,0.7693950631101885
1.393,1.6785707474134668
2.734,2.190218390607555
2.297,2.3004048891883997
0.682,0.6669524553591657
1.143,1.3616178188180896
1.599,2.1703821747573926
1.166,1.531508285303353
2.099,2.5208207348808003
0.689,0.46323760796676794
1.014,1.7084893320346097
2.14,2.316589596474728
3.553,3.419832831772709
0.903,2.038185052082703
1.593,2.136504317769557
0.639,0.9177502621636364
2.182,2.2540673656450707
2.536,2.8004681147578623
0.813,0.9024564693468946
1.886,2.514998516923427
1.654,2.9739642131679673
1.063,1.7187550401589533
2.101,2.6673776585066946
1.476,1.92429423019545
1.125,2.2398152135546994
1.75,2.1806889299578884
1.566,2.288655652418285
1.173,2.0375674889928206
2.292,1.7156746992256444
3.5,1.9037971166566408
1.719,1.2977313198572418
1.993,2.289561746001695
2.516,2.655530949587778
3.0,1.9944542236456115
1.589,1.5558376570943864
2.168,2.6757378110651686
1.98,2.633282497601904
3.561,3.049042313378486
1.923,2.226043423956199
3.145,2.370672890940952
0.5,0.6910352322951709
1.625,2.12799859262617
1.671,2.067211573112367
1.388,1.5560680322708649
1.476,1.9840095081187954
2.385,2.392442230429509
1.107,1.5608308745407342
3.338,3.2766843785286994
1.921,2.158255533935879
2.94,2.1472970700899197
1.545,1.5733182699800565
1.519,2.169265423069163
5.00001,4.820696994913298
3.229,2.9375085946364834
1.656,2.082854064266847
2.212,2.0981530449317702
1.704,2.192860252876116
1.987,1.9822946926464482
1.625,1.6620530067784074
4.112,3.605483095979608
3.355,2.9360867539542213
1.491,1.5846291662966792
3.815,2.5678770257179906
1.839,1.0140582404744407
0.912,1.4705470792616708
4.115,3.731834357426301
2.203,2.5950420031218826
1.581,2.169003324384569
0.696,-0.03357018478232732
2.705,2.879354690700069
2.616,2.390389334339062
3.895,2.9527638392298954
0.75,1.0351579704659386
1.776,2.57215899728309
1.704,0.5946152282462549
1.542,2.1760734029386413
1.319,1.755039081834319
0.444,0.33619363758823084
1.45,1.8458569168073211
2.241,2.8399585213800123
1.875,1.150063984464893
1.929,1.6676443590080723
0.886,0.8425272577542344
1.839,2.1550340151924345
2.25,3.0245578122152708
1.828,1.577536437081747
1.376,1.8683372992039153
2.653,2.8041552843997906
0.366,0.6501721454485221
1.255,1.6882620717051822
1.386,2.07136358448475
4.871,2.6488530320291233
1.786,1.8753215036084043
1.345,2.0222671429863937
3.067,3.3487581986699198
1.158,2.1948919405329477
0.914,1.3039989374054812
2.109,2.3013836184818715
2.592,2.966534195030434
3.473,3.828347557196494
1.684,2.3670472193035437
1.509,0.9912066720794073
1.135,1.2443111733499563
3.026,2.9074820047992986
4.233,2.618573061128835
4.922,3.7237120655302007
1.906,2.1381669211189447
2.45,2.0031897085679446
0.557,1.1988308859492207
0.84,1.877555351683597
2.75,2.854775516314497
1.896,1.5758566298136856
2.759,1.8462390782988933
3.198,3.351819905432883
2.917,2.394155189429121
0.679,0.9219925043964778
1.89,2.41394314432538
0.9,1.6006360750423525
3.35,2.5706088380293792
1.767,1.69168600291043
0.985,1.505978226861778
2.006,2.215393835833247
0.602,0.9976869082355293
1.919,2.119566942653563
1.911,2.1732700928636532
3.373,3.2041064563688053
2.25,2.136799587249577
2.906,1.787842806850442
1.215,1.1215501352928712
2.932,3.0062537469189436
1.07,1.3608203953111797
2.664,2.4754938502549777
0.769,1.390403824000117
2.203,1.4439311397944579
1.011,1.5025153846604908
4.746,2.7719935190114384
0.653,0.5235234832232152
1.137,1.3968371574074965
2.142,2.2648449511232513
2.167,2.7790696113565048
1.984,2.345637941638614
2.122,1.6437047943982037
2.227,2.494450784230736
2.659,2.712844990387076
0.375,1.0025885954685876
2.65,2.527312011192315
1.087,1.245288889611274
0.467,0.9302533809736744
1.875,2.2719756961648017
0.616,0.4408027895422677
3.43,3.1083517261442353
1.66,1.9757410157675181
5.00001,2.27333468507436
1.375,2.3452810315582013
0.906,0.3654578606585517
0.77,1.3971661887794085
1.481,2.1634375084781325
0.916,1.7124915538945586
1.509,1.4557451487426079
1.551,2.0247298210524747
0.892,1.2367380609176593
2.154,1.6372748074920196
0.551,0.40310873539733905
1.974,1.997859595154054
1.544,1.8144410060329008
1.417,1.8619715852902914
0.984,1.1949568401884818
1.526,2.0446873063382753
1.096,1.5815238401286393
1.713,1.5525163273327394
1.041,0.9306410778183789
1.539,2.2897245381539975
2.7,2.044162158973492
2.865,3.029298684056947
3.35,2.480693226959751
1.377,1.891437495868928
2.32,2.0827511513396786
3.938,2.77410127266986
0.703,0.7659850015581
1.417,1.6715692407582097
1.563,1.9877359764280413
4.5,2.54675356909717
1.998,1.692765351995014
0.953,1.2666843729236348
0.869,1.3846002181111814
1.875,1.6885761402294648
2.218,2.8958865307134403
0.588,0.6624605352765869
1.344,0.9670049298319583
2.386,2.8774800142978805
1.609,1.9581096702215532
1.364,1.9818495830906713
1.44,1.9516068584655883
1.593,2.239515261456141
1.553,1.8626746204379785
1.426,2.608161287985027
1.207,1.3269192266476182
1.262,1.763766251363478
2.134,2.5947803915501453
1.169,1.6074379399774301
1.858,2.0713597868305342
3.56,3.509371317399797
1.5,1.2971659480316475
0.889,1.012331022112754
2.591,2.1276744034137067
5.00001,3.6608915736517815
1.276,1.3452796903491162
0.699,1.2549102201877176
1.37,2.295552988246108
2.737,2.7039216066900096
0.92,1.2298628881138853
1.183,1.8042753437085892
4.108,4.864859541350398
1.005,1.1542159453294545
4.929,2.523386829532555
1.185,1.5232909815482074
1.135,1.7350408412478018
0.899,1.634382343172831
5.00001,3.8919473353722154
5.00001,4.64556412459109
1.463,3.0670626604661777
1.135,1.6230555742998476
2.75,2.4150406878304054
1.025,1.4772560157150636
1.471,2.1304311263537343
2.25,2.2377442313352134
1.394,1.3368585809651634
1.758,2.326909923017517
0.57,1.6033085696791431
2.696,1.9982954281811232
2.729,2.7926798225469867
0.762,1.1363265387319146
4.841,4.086722361643673
1.806,1.7850029353979835
2.38,2.245683310265136
1.375,1.3401048676510996
1.863,1.4249711326169816
1.929,2.5782414267544453
0.845,0.5184529506755382
1.076,1.931933494223891
0.555,0.2676003198751644
2.653,2.296609082646576
3.883,3.0829184098980704
4.827,3.221975074728384
1.981,2.9889643354809152
0.927,0.832007674329887
3.462,3.3404769594433006
0.388,1.188075281953438
0.567,0.756118286568956
1.237,2.2695404921950697
0.938,1.182785285835692
0.932,1.2975781850816972
0.44,0.06724407403147126
0.692,1.4892665198109185
3.018,2.9812940175990335
2.542,1.8618861320845355
2.098,2.6385992705289567
1.845,2.0633069642011392
0.734,1.0121183573799257
3.39,3.3236673018467684
0.931,1.4451622383928608
2.023,2.295821479414677
1.333,1.2507771408910457
2.707,2.6881555390766394
2.402,3.034767412773583
1.393,1.2772483643961223
0.57,0.964821802720536
1.707,0.9678467366512891
1.192,1.6975379615512693
1.773,2.350359684025328
2.896,2.7832976286475173
2.976,2.226225944876653
1.099,1.512782222723068
1.475,1.4694683972213625
0.787,0.3553107336774559
1.603,2.470318997167354
0.777,1.475630109272636
4.735,3.986043251012198
5.00001,4.640919619597973
1.331,1.273916692368779
0.935,1.0798129655864983
2.801,2.7070536212066614
2.567,2.3148324033473813
2.88,2.8296755717544357
1.611,1.5497582881362106
1.37,2.098701436348371
0.62,0.9529068670993439
4.438,3.7659881165242126
0.683,0.34314612814426226
2.621,2.6093667866929238
1.094,0.9371727113728241
4.093,3.2200770470013893
1.752,2.0505538158617185
1.477,1.8910879493282948
2.875,1.7529214679032918
0.932,1.5646100472188493
0.938,1.5897749214101893
1.724,1.868879625101961
3.186,2.8724748986854607
1.852,1.7507485057174108
0.652,0.6337483748549744
1.797,0.996904520756317
1.592,1.588280041009277
1.519,1.6922378750768488
0.717,1.082051897109146
2.452,1.75606770194846
2.283,2.6612116711678553
1.964,1.5097591468980767
1.924,2.0724356840975062
0.659,0.5645711904443829
2.823,1.7548983444640314
1.853,2.102510206751944
0.886,1.4193751963792423
0.675,1.0012773732680103
1.434,0.8308016353282852
1.194,1.2588759540179097
2.158,2.800200520852542
2.574,2.8093850557844107
3.734,2.9119881510710854
1.523,1.7013784893732335
2.457,2.947559061617035
0.8,1.5101036352142927
1.372,1.3168283530007514
2.669,3.104353532433265
3.953,3.016913019324889
2.221,2.7389165267919253
5.00001,2.0646053302649676
5.00001,3.4155666955324406
2.329,2.3932381718000713
2.597,2.89294201873485
2.157,1.5461077713312505
2.432,2.9358591947985673
2.214,2.3495107346147606
1.125,1.3892250962856778
3.885,2.366469967465491
4.1,2.4149021486187294
1.63,2.73751526274593
5.0,2.8352526119189108
2.313,1.8461540991040906
0.761,1.6004991578783958
4.586,2.430411401238473
3.663,3.096728982614458
2.968,2.2526422695168264
0.586,1.1277493185283731
0.848,1.081566025531444
1.173,1.6607816258800838
1.266,0.47533016529374095
1.708,2.45597128203989
1.493,1.2756636563290584
1.19,0.7571767551678477
3.75,2.418546162085775
2.849,3.1172815160323566
1.701,1.710239024151349
5.00001,2.9588232863662896
0.987,1.3026672010601459
0.608,0.5192441980544871
1.428,1.528254606386085
2.239,2.4613091090813413
1.375,1.7024293769377081
2.978,3.0014318566253735
1.127,2.007786861442142
1.133,0.6699527843021542
1.214,1.4149078213103365
2.484,2.7220763018843286
4.078,3.545402860717985
3.566,3.437875401645698
1.063,1.1336258102315426
1.214,1.7302499723321958
2.409,2.1122429853360245
2.471,1.908294182972412
1.379,0.6984412474414583
0.863,0.5095275686602747
5.00001,3.551067303679922
2.163,2.5173331209533316
3.056,2.830501507459168
1.583,2.124089591376361
4.521,2.4093817940329956
0.95,1.7362697682771824
1.057,0.28110045775000003
0.846,1.2303988735858766
2.401,2.0802177721562387
1.625,1.6822363810746381
0.966,1.4671130216038293
0.922,0.5664266070538844
2.282,2.2836034938565106
1.137,2.6426639517897996
0.69,0.8201057881392089
5.00001,3.7163012796476664
2.25,1.9804517480286492
1.74,1.8718520451555136
5.00001,3.6464380934797873
2.53,2.817214769971031
2.776,3.533976319548806
2.852,2.7253216458815714
0.903,1.665761315006634
1.899,1.409889465263369
3.166,2.5636620139695125
3.019,2.816548782715657
0.931,0.9475138272673647
0.942,1.4060889539050478
2.138,2.3354910417991093
1.875,2.012073173161262
5.00001,3.071800847798812
3.257,3.0709280192064625
3.0,2.0783334936985867
1.439,2.093069484850126
5.00001,4.527075674911259
2.641,2.9981091114744274
0.623,1.2406150927226136
1.388,0.6065265746152164
1.054,1.9332755397143444
0.635,0.5388816696540246
5.00001,1.668033991378202
0.978,0.9969380583723932
1.274,1.8811485704894935
1.353,1.9245221339106564
1.561,1.802144949522905
4.468,3.6596994889069734
0.65,0.6603887318359938
1.518,1.9191605994996621
1.922,2.035348285642243
1.531,1.882913030338912
1.658,2.0272387985002283
2.542,2.3139751516007365
2.342,2.6675089352570254
1.125,1.2574956486227435
1.187,1.3989515242715314
2.409,2.1291429429023125
2.833,3.340209027857462
4.5,0.867216205667944
0.521,1.006753048968946
0.559,0.8602156467432849
0.881,0.721286631531747
2.489,2.3369152427718234
0.686,0.8246111440292907
1.563,1.7211352116641478
2.727,2.672875766757585
3.404,2.769912076930588
2.188,1.6490504991150203
0.701,0.9052572835185231
5.00001,2.7837426714253226
1.625,11.500331025900778
1.118,1.0863494497123867
1.102,1.2326541599703447
0.742,0.7895427006990587
1.032,1.560009275838297
1.721,2.212791806539279
1.32,1.3878398008373267
1.663,2.0429245409291283
1.073,1.5218101133324424
1.079,0.7962989324067209
0.946,0.930083328456405
0.661,1.138917287236488
1.582,2.106826958616587
0.958,0.6582541961921038
1.17,1.3101659667047585
1.709,2.125336934967521
0.929,1.5456745404896708
1.625,1.7919423822467735
1.938,1.6720598632551997
1.346,1.2655739009864462
1.231,0.7157009648528785
1.157,1.435321844730609
0.835,1.6721192119078978
0.622,0.8329083491855016
0.744,0.9792420485470288
1.801,2.0227494322992214
1.958,2.5861216080747553
5.00001,4.600804065281679
1.443,1.6407490330994747
1.254,1.1714098702349958
0.808,1.2050204888106038
0.659,1.1766977684469424
1.579,2.4301982918511342
5.00001,2.1948846925167445
1.808,2.1793447362921725
2.362,2.7666180623608554
1.03,1.648501984358532
2.169,1.8903694381088627
3.833,1.7703418271859945
5.00001,1.7111556154246585
0.835,0.3178903057308915
2.144,1.9023371728590277
1.0,0.34953938230177073
0.788,0.9186158541180163
0.976,1.481303523678804
1.784,2.262389123058192
2.871,3.0721802118994006
2.701,3.215483408177924
1.855,2.6048985359204195
0.906,1.719073331591737
2.136,1.6130109103756425
1.243,1.3640194480938206
2.05,1.3142900860418507
2.567,2.0337114221310273
3.927,3.6499043439564787
1.333,1.6630978772144331
1.871,2.2102700014056325
2.554,3.2925989935628195
3.474,2.806817579616343
1.717,1.6838408879730409
1.125,1.8094753432069055
0.826,0.8169473270777416
0.486,1.2335857292095795
1.341,2.25287175637839
2.258,2.082244697168022
5.00001,4.010686471987853
4.7,2.9295023042921287
2.258,2.5502858323466597
1.58,1.7035710138692437
1.171,0.9313081550463522
4.163,3.6379524927936586
1.208,1.067203624197937
2.263,2.5884888532482933
1.222,1.5787670642159952
1.0,1.338089395146703
2.295,2.3543936852301925
1.958,1.0744271469696969
0.85,0.45464256553118787
2.647,1.779645699059472
4.555,4.0652412558895605
1.76,1.8187612606472356
0.811,0.9379897081966249
1.664,2.2326440975429804
0.826,1.5723456170219237
2.722,1.9028167350026735
2.711,2.2128151781221916
2.394,2.4627551051826586
1.718,2.469027268045096
1.218,0.41440518111925684
1.736,1.6605762744018406
2.393,2.261614992894856
0.588,1.225059431615378
2.875,2.4568738400857555
0.707,1.1454532144185379
1.817,1.8974726087898262
1.137,1.4970541408820779
2.241,2.5379484771868093
3.513,3.6271520431701845
3.013,2.997076394773238
0.807,2.5956176293744093
1.526,1.7755918747270627
2.374,2.7654050510256383
1.794,2.362821164913818
5.00001,4.135155024569542
1.702,2.3961400103284802
1.653,1.9213675513811097
2.259,2.460798202017216
1.597,1.484429868644355
3.635,3.056345929828659
1.321,2.0179396223481874
3.768,2.549993869849658
0.969,1.8584750995929724
3.162,2.7927438217950495
3.238,2.7098689668987603
3.875,2.670182046029595
1.491,1.8463716833717356
5.00001,6.3572602687470905
2.25,1.284951781993783
1.788,2.1189026177209627
0.875,1.5205029500205
1.301,1.7928930996016064
5.00001,3.7129143268778293
3.49,2.9629481978495846
0.73,1.4182406076533098
2.447,2.479273527815785
2.754,2.159676198069569
2.462,2.7743211679346658
2.362,2.0109609775898676
2.322,3.0174161351575677
0.533,0.980103252084362
1.631,1.5339226719191217
0.724,0.3144551075891684
2.345,2.113673519058601
1.5,1.7767736633499354
1.161,1.4766598986220387
1.813,1.7916517135814587
1.21,2.0352864572600637
0.887,1.6771554077320516
1.825,2.5525811630499504
1.974,2.184841247005835
1.281,1.8263033962104913
0.765,0.6126902562861005
3.0,3.1553109455528343
5.00001,4.376839629871171
1.603,2.0452340589760496
3.356,3.3127611282614637
1.576,1.596498922471703
1.906,2.3480343710346574
1.808,1.9382784477342696
1.042,1.063378110250575
1.118,1.5907269251447218
1.941,2.338727903591483
2.538,3.075584335950893
1.295,2.0683905907039417
1.176,1.5283107740471067
3.398,3.3868894084136087
3.429,2.5100317127492104
1.955,1.7798060128911501
0.838,0.4797160730460206
0.942,1.6476836713568872
1.406,1.440377787606046
1.609,2.161475159055371
1.693,2.0038223499447554
2.759,2.7646941434499865
1.462,1.6053709373503722
2.023,1.1729159608247812
1.54,1.9346527047135211
1.355,1.9786915947926786
2.359,2.6810563988169633
1.288,1.4154917734335442
2.496,2.4057479689140493
3.0,2.1249112114512627
1.341,1.8612248647896337
3.086,2.6647608038950636
3.5,2.6304571537832473
1.108,1.9834573729960923
1.908,1.7962629725485044
1.088,1.0062523751142791
1.444,1.60988191397594
1.629,1.9593343703617165
1.639,2.162349392149757
0.98,1.482782759338214
1.327,1.7152551013562558
2.831,2.7675673230518143
4.072,3.0035825470763555
2.482,2.991113448406331
0.645,1.2452399188013317
5.00001,2.819845499124071
1.944,2.3899626099094817
1.375,1.6618838420624158
1.273,1.6532582554281134
0.853,1.5666400605671953
1.949,1.919384871702043
2.211,2.3588614493087405
1.922,2.1335634958674916
4.045,2.1595265080083834
0.735,0.6054101842720243
2.337,2.1016019202747174
1.188,1.234170688021166
0.7,1.2690363453511821
1.828,1.9497254520377538
5.00001,4.794236575619017
1.577,2.1071635846632333
2.479,2.575412549421152
5.00001,4.265071986723235
3.579,2.6611077863912342
0.569,0.6224342831882552
3.024,3.2970513671201616
1.254,1.4544748054767211
3.864,2.5205805359232585
1.756,1.9664479147912246
1.105,1.72706115696635
3.867,3.943665571878533
1.375,1.9487729841883095
2.287,3.032741631194405
1.494,1.8463937919033029
0.737,1.4784836701274457
5.00001,2.71804758029522
1.321,1.409744037015983
0.865,0.7850490645566737
4.179,2.4680541828518727
1.726,1.4950599102969022
0.997,1.0762906082937178
0.725,1.677069168240692
1.808,2.7903230699520805
3.084,2.3501217339201403
2.883,2.8607136561681514
3.022,2.1730982703510335
2.888,3.2435519096077456
1.0,1.389162196719255
2.33,2.0771075188565433
1.369,2.2681253137199775
2.094,1.8775681890680147
2.466,2.7069844523282143
0.652,0.7295951057769088
4.912,2.6613987934036913
3.567,3.306804443158171
1.643,2.0008832933076945
0.882,1.0339657492133156
1.559,1.008437698571612
1.917,1.870348344778563
0.844,1.8744714227256551
1.901,2.401517992949451
1.125,1.0411570001254304
1.152,2.1743412983959303
1.746,2.3520320574523907
1.135,1.806236918893454
1.524,2.1998374638940774
2.503,2.0828152846770536
1.837,2.1891005017958776
5.00001,2.1350706499626995
3.109,2.9342289096936156
2.306,2.0182900034014537
0.685,0.8951597216854168
2.674,2.383796622857126
1.453,1.8319119771032817
2.82,3.1109387417379963
2.821,1.5679516765913917
1.898,2.592240631619582
2.544,2.7773378729485074
1.617,2.2087822654423164
1.888,1.8055724839907867
5.00001,2.673727759476222
0.944,0.7494772697735996
3.428,2.757053764647601
1.915,2.2906811594252616
2.096,1.8218447390637849
2.35,2.319646612334573
2.314,3.0710765841848584
1.302,1.9258273517800504
2.082,2.5261676625713037
5.00001,4.411724018843991
1.686,1.9433652171999611
2.281,2.1995490996871183
1.269,1.8885642543496104
1.355,1.8157680649357673
1.567,2.5062410906191275
2.086,2.2662626680268687
4.367,2.661261225489696
0.71,0.8455901018378924
0.888,0.42688763454705736
3.416,3.3315755226931643
1.202,1.6330437820194277
1.482,1.63971262357515
5.00001,3.5205602993914695
3.75,2.0190985330762388
1.375,1.7921693048215985
0.648,0.7427110742143412
2.318,2.6052419596289482
1.607,1.9957219435190652
2.51,2.103908501242884
1.425,2.237400736101449
1.765,2.140300615469961
1.771,2.1840400576436707
3.118,2.9271476825826213
0.846,1.6670551694160878
1.226,0.8760268786288208
1.982,2.2945762655446913
5.0,2.8989964104154495
2.798,3.120658130865813
1.95,2.6389053110060914
2.028,1.3295916048664438
3.541,2.5824844711337747
2.595,2.771098774850735
5.00001,2.849369175625988
2.724,2.7738089835438657
1.839,2.0396298203973586
2.858,2.4982606583578715
2.25,1.7135551400288378
2.926,2.4514552225264197
0.552,0.538423486650558
2.62,1.9063670037338127
1.589,2.6024403960745417
1.721,2.456726394709186
1.917,2.281387625302841
2.25,2.451491938980652
1.083,1.5731086553606772
1.136,1.045605848963369
1.0,1.4714311464449636
1.917,1.6200863570701358
1.172,1.314182851917998
1.106,1.3467184247166486
0.802,1.3585113583048596
0.981,1.6858997573158305
2.538,2.836046726112791
0.481,0.6597731551324486
1.928,1.9816309398326197
1.328,1.4054328496461608
1.963,1.6717908640313937
3.208,2.2930503892971643
3.194,2.10892987621947
2.037,2.8910928483775606
2.071,2.6718782085651966
0.799,0.8308747080424865
5.00001,2.4290260849162095
3.3,2.4295290353621795
1.39,1.96852109977781
1.875,2.1792516253945564
4.483,2.5668961202034097
1.763,2.0021101438181717
1.759,1.6509287226522176
1.042,1.4061195842381977
1.622,2.0097235685395844
1.668,2.1164679177171237
1.612,1.6812491994262828
1.531,1.8356486191978973
1.569,1.48960663780192
1.581,1.6808567196454618
0.769,1.2123243487550468
1.654,2.167291819615265
0.735,1.971784671494916
1.184,1.6778881603425546
1.424,1.5587815736825945
2.803,2.8171334216758126
1.072,1.0333140732100432
1.833,1.1724142169946035
0.988,0.04754318306883221
2.345,1.8157268020265107
1.435,2.261554578295076
1.08,1.992922660152395
0.978,-0.14358418395325145
0.705,1.1037530383932435
2.259,1.8540075417013355
2.398,2.5352728147520622
1.364,1.742025388838485
1.806,2.2250877689656434
2.396,2.6692116799561134
2.657,2.858967729074088
2.042,2.228419351924096
1.225,1.9888745983034113
2.04,2.761942933650772
1.953,2.0964261729106752
2.158,2.270464400491477
5.00001,3.147497742083935
0.758,0.12432311863064172
2.654,3.016024075656283
2.737,3.596249320739439
1.164,1.6299945447569897
0.594,1.1508522596573059
1.37,1.6350193819729597
1.192,0.32026284469550603
2.442,2.731212550675366
1.7,1.9308335023737229
2.803,3.472924804458806
2.85,3.1281595350759304
1.026,1.540170277203778
1.205,0.7533805686339576
3.616,2.875460155375144
4.553,3.946761145929081
2.134,2.211428404951505
1.58,2.692478244705754
2.17,2.185325932236701
0.637,0.4253874331457226
2.443,3.1819798200782543
1.511,1.6004422752185548
1.108,1.3851760462799376
4.338,4.293830773202828
0.729,1.1910916115155814
1.085,1.9772711772565472
4.526,4.151942685752907
4.676,5.6441367095596675
2.633,1.9917457428059961
2.668,2.2498391162988725
5.00001,4.468770165723356
0.723,1.1875111855194476
1.515,2.009402509723131
